Company 0 - Chapter Master - Squad 0 - Slot 1, 0, 0, 0
Company 0 - Lieutenant - Squad 0 - Slot 2, 0, 0, 1
Company 0 - Lieutenant - Squad 0 - Slot 3, 0, 0, 2
Company 0 - Veteran Battle Brother - Squad 0 - Slot 4, 0, 0, 3
Company 0 - Veteran Battle Brother - Squad 0 - Slot 5, 0, 0, 4
Company 0 - Veteran Battle Brother - Squad 0 - Slot 6, 0, 0, 5
Company 0 - Veteran Battle Brother - Squad 0 - Slot 7, 0, 0, 6
Company 0 - Veteran Battle Brother - Squad 0 - Slot 8, 0, 0, 7
Company 0 - Veteran Battle Brother - Squad 0 - Slot 9, 0, 0, 8
Company 0 - Veteran Battle Brother - Squad 0 - Slot 10, 0, 0, 9
Company 0 - Veteran Battle Brother - Squad 0 - Slot 11, 0, 0, 10
Company 0 - UNUSED - Squad 0 - Slot 12, 0, 0, 11
Company 0 - Apothecary - Squad 1 - Slot 1, 0, 1, 0
Company 0 - Apothecary - Squad 1 - Slot 2, 0, 1, 1
Company 0 - Apothecary - Squad 1 - Slot 3, 0, 1, 2
Company 0 - Apothecary - Squad 1 - Slot 4, 0, 1, 3
Company 0 - Veteran Battle Brother - Squad 1 - Slot 5, 0, 1, 4
Company 0 - Veteran Battle Brother - Squad 1 - Slot 6, 0, 1, 5
Company 0 - UNUSED - Squad 1 - Slot 7, 0, 1, 6
Company 0 - UNUSED - Squad 1 - Slot 8, 0, 1, 7
Company 0 - UNUSED - Squad 1 - Slot 9, 0, 1, 8
Company 0 - UNUSED - Squad 1 - Slot 10, 0, 1, 9
Company 0 - UNUSED - Squad 1 - Slot 11, 0, 1, 10
Company 0 - UNUSED - Squad 1 - Slot 12, 0, 1, 11
Company 0 - Chaplain - Squad 2 - Slot 1, 0, 2, 0
Company 0 - Chaplain - Squad 2 - Slot 2, 0, 2, 1
Company 0 - Chaplain - Squad 2 - Slot 3, 0, 2, 2
Company 0 - Chaplain - Squad 2 - Slot 4, 0, 2, 3
Company 0 - Veteran Battle Brother - Squad 2 - Slot 5, 0, 2, 4
Company 0 - Veteran Battle Brother - Squad 2 - Slot 6, 0, 2, 5
Company 0 - Veteran Battle Brother - Squad 2 - Slot 7, 0, 2, 6
Company 0 - Veteran Battle Brother - Squad 2 - Slot 8, 0, 2, 7
Company 0 - UNUSED - Squad 2 - Slot 9, 0, 2, 8
Company 0 - UNUSED - Squad 2 - Slot 10, 0, 2, 9
Company 0 - UNUSED - Squad 2 - Slot 11, 0, 2, 10
Company 0 - UNUSED - Squad 2 - Slot 12, 0, 2, 11
Company 0 - Null-Warden - Squad 3 - Slot 1, 0, 3, 0
Company 0 - Null-Warden - Squad 3 - Slot 2, 0, 3, 1
Company 0 - Null-Warden - Squad 3 - Slot 3, 0, 3, 2
Company 0 - Null-Warden - Squad 3 - Slot 4, 0, 3, 3
Company 0 - Veteran Battle Brother - Squad 3 - Slot 5, 0, 3, 4
Company 0 - Veteran Battle Brother - Squad 3 - Slot 6, 0, 3, 5
Company 0 - Veteran Battle Brother - Squad 3 - Slot 7, 0, 3, 6
Company 0 - Veteran Battle Brother - Squad 3 - Slot 8, 0, 3, 7
Company 0 - UNUSED - Squad 3 - Slot 9, 0, 3, 8
Company 0 - UNUSED - Squad 3 - Slot 10, 0, 3, 9
Company 0 - UNUSED - Squad 3 - Slot 11, 0, 3, 10
Company 0 - UNUSED - Squad 3 - Slot 12, 0, 3, 11
Company 0 - Techmarine - Squad 4 - Slot 1, 0, 4, 0
Company 0 - Artificer Brother - Squad 4 - Slot 2, 0, 4, 1
Company 0 - Artificer Brother - Squad 4 - Slot 3, 0, 4, 2
Company 0 - Artificer Brother - Squad 4 - Slot 4, 0, 4, 3
Company 0 - Artificer Brother - Squad 4 - Slot 5, 0, 4, 4
Company 0 - Veteran Battle Brother - Squad 4 - Slot 6, 0, 4, 5
Company 0 - Veteran Battle Brother - Squad 4 - Slot 7, 0, 4, 6
Company 0 - Veteran Battle Brother - Squad 4 - Slot 8, 0, 4, 7
Company 0 - Veteran Battle Brother - Squad 4 - Slot 9, 0, 4, 8
Company 0 - UNUSED - Squad 4 - Slot 10, 0, 4, 9
Company 0 - UNUSED - Squad 4 - Slot 11, 0, 4, 10
Company 0 - UNUSED - Squad 4 - Slot 12, 0, 4, 11
Company 1 - Captain - Squad 0 - Slot 1, 1, 0, 0
Company 1 - Standard Bearer - Squad 0 - Slot 2, 1, 0, 1
Company 1 - Apothecary - Squad 0 - Slot 3, 1, 0, 2
Company 1 - Chaplain - Squad 0 - Slot 4, 1, 0, 3
Company 1 - Null-Warden - Squad 0 - Slot 5, 1, 0, 4
Company 1 - Lieutenant - Squad 0 - Slot 6, 1, 0, 5
Company 1 - Lieutenant - Squad 0 - Slot 7, 1, 0, 6
Company 1 - UNUSED - Squad 0 - Slot 8, 1, 0, 7
Company 1 - UNUSED - Squad 0 - Slot 9, 1, 0, 8
Company 1 - UNUSED - Squad 0 - Slot 10, 1, 0, 9
Company 1 - UNUSED - Squad 0 - Slot 11, 1, 0, 10
Company 1 - UNUSED - Squad 0 - Slot 12, 1, 0, 11
Company 1 - Veteran Sergeant - Squad 1 - Slot 1, 1, 1, 0
Company 1 - Bond-Keeper - Squad 1 - Slot 2, 1, 1, 1
Company 1 - Veteran Battle Brother - Squad 1 - Slot 3, 1, 1, 2
Company 1 - Veteran Battle Brother - Squad 1 - Slot 4, 1, 1, 3
Company 1 - Veteran Battle Brother - Squad 1 - Slot 5, 1, 1, 4
Company 1 - Veteran Battle Brother - Squad 1 - Slot 6, 1, 1, 5
Company 1 - Veteran Battle Brother - Squad 1 - Slot 7, 1, 1, 6
Company 1 - Veteran Battle Brother - Squad 1 - Slot 8, 1, 1, 7
Company 1 - Veteran Battle Brother - Squad 1 - Slot 9, 1, 1, 8
Company 1 - Dreadnought - Squad 1 - Slot 10, 1, 1, 9
Company 1 - UNUSED - Squad 1 - Slot 11, 1, 1, 10
Company 1 - UNUSED - Squad 1 - Slot 12, 1, 1, 11
Company 1 - Veteran Sergeant - Squad 2 - Slot 1, 1, 2, 0
Company 1 - Bond-Keeper - Squad 2 - Slot 2, 1, 2, 1
Company 1 - Veteran Battle Brother - Squad 2 - Slot 3, 1, 2, 2
Company 1 - Veteran Battle Brother - Squad 2 - Slot 4, 1, 2, 3
Company 1 - Veteran Battle Brother - Squad 2 - Slot 5, 1, 2, 4
Company 1 - Veteran Battle Brother - Squad 2 - Slot 6, 1, 2, 5
Company 1 - Veteran Battle Brother - Squad 2 - Slot 7, 1, 2, 6
Company 1 - Veteran Battle Brother - Squad 2 - Slot 8, 1, 2, 7
Company 1 - Veteran Battle Brother - Squad 2 - Slot 9, 1, 2, 8
Company 1 - Veteran Battle Brother - Squad 2 - Slot 10, 1, 2, 9
Company 1 - UNUSED - Squad 2 - Slot 11, 1, 2, 10
Company 1 - UNUSED - Squad 2 - Slot 12, 1, 2, 11
Company 1 - Veteran Sergeant - Squad 3 - Slot 1, 1, 3, 0
Company 1 - Bond-Keeper - Squad 3 - Slot 2, 1, 3, 1
Company 1 - Veteran Battle Brother - Squad 3 - Slot 3, 1, 3, 2
Company 1 - Veteran Battle Brother - Squad 3 - Slot 4, 1, 3, 3
Company 1 - Veteran Battle Brother - Squad 3 - Slot 5, 1, 3, 4
Company 1 - Veteran Battle Brother - Squad 3 - Slot 6, 1, 3, 5
Company 1 - Veteran Battle Brother - Squad 3 - Slot 7, 1, 3, 6
Company 1 - Veteran Battle Brother - Squad 3 - Slot 8, 1, 3, 7
Company 1 - Veteran Battle Brother - Squad 3 - Slot 9, 1, 3, 8
Company 1 - Veteran Battle Brother - Squad 3 - Slot 10, 1, 3, 9
Company 1 - UNUSED - Squad 3 - Slot 11, 1, 3, 10
Company 1 - UNUSED - Squad 3 - Slot 12, 1, 3, 11
Company 1 - Veteran Sergeant - Squad 4 - Slot 1, 1, 4, 0
Company 1 - Bond-Keeper - Squad 4 - Slot 2, 1, 4, 1
Company 1 - Veteran Battle Brother - Squad 4 - Slot 3, 1, 4, 2
Company 1 - Veteran Battle Brother - Squad 4 - Slot 4, 1, 4, 3
Company 1 - Veteran Battle Brother - Squad 4 - Slot 5, 1, 4, 4
Company 1 - Veteran Battle Brother - Squad 4 - Slot 6, 1, 4, 5
Company 1 - Veteran Battle Brother - Squad 4 - Slot 7, 1, 4, 6
Company 1 - Veteran Battle Brother - Squad 4 - Slot 8, 1, 4, 7
Company 1 - Veteran Battle Brother - Squad 4 - Slot 9, 1, 4, 8
Company 1 - Veteran Battle Brother - Squad 4 - Slot 10, 1, 4, 9
Company 1 - UNUSED - Squad 4 - Slot 11, 1, 4, 10
Company 1 - UNUSED - Squad 4 - Slot 12, 1, 4, 11
Company 1 - Veteran Sergeant - Squad 5 - Slot 1, 1, 5, 0
Company 1 - Bond-Keeper - Squad 5 - Slot 2, 1, 5, 1
Company 1 - Veteran Battle Brother - Squad 5 - Slot 3, 1, 5, 2
Company 1 - Veteran Battle Brother - Squad 5 - Slot 4, 1, 5, 3
Company 1 - Veteran Battle Brother - Squad 5 - Slot 5, 1, 5, 4
Company 1 - Veteran Battle Brother - Squad 5 - Slot 6, 1, 5, 5
Company 1 - Veteran Battle Brother - Squad 5 - Slot 7, 1, 5, 6
Company 1 - Veteran Battle Brother - Squad 5 - Slot 8, 1, 5, 7
Company 1 - Veteran Battle Brother - Squad 5 - Slot 9, 1, 5, 8
Company 1 - Veteran Battle Brother - Squad 5 - Slot 10, 1, 5, 9
Company 1 - UNUSED - Squad 5 - Slot 11, 1, 5, 10
Company 1 - UNUSED - Squad 5 - Slot 12, 1, 5, 11
Company 1 - Veteran Sergeant - Squad 6 - Slot 1, 1, 6, 0
Company 1 - Bond-Keeper - Squad 6 - Slot 2, 1, 6, 1
Company 1 - Veteran Battle Brother - Squad 6 - Slot 3, 1, 6, 2
Company 1 - Veteran Battle Brother - Squad 6 - Slot 4, 1, 6, 3
Company 1 - Veteran Battle Brother - Squad 6 - Slot 5, 1, 6, 4
Company 1 - Veteran Battle Brother - Squad 6 - Slot 6, 1, 6, 5
Company 1 - Veteran Battle Brother - Squad 6 - Slot 7, 1, 6, 6
Company 1 - Veteran Battle Brother - Squad 6 - Slot 8, 1, 6, 7
Company 1 - Veteran Battle Brother - Squad 6 - Slot 9, 1, 6, 8
Company 1 - Veteran Battle Brother - Squad 6 - Slot 10, 1, 6, 9
Company 1 - UNUSED - Squad 6 - Slot 11, 1, 6, 10
Company 1 - UNUSED - Squad 6 - Slot 12, 1, 6, 11
Company 1 - Veteran Sergeant - Squad 7 - Slot 1, 1, 7, 0
Company 1 - Bond-Keeper - Squad 7 - Slot 2, 1, 7, 1
Company 1 - Veteran Battle Brother - Squad 7 - Slot 3, 1, 7, 2
Company 1 - Veteran Battle Brother - Squad 7 - Slot 4, 1, 7, 3
Company 1 - Veteran Battle Brother - Squad 7 - Slot 5, 1, 7, 4
Company 1 - Veteran Battle Brother - Squad 7 - Slot 6, 1, 7, 5
Company 1 - Veteran Battle Brother - Squad 7 - Slot 7, 1, 7, 6
Company 1 - Veteran Battle Brother - Squad 7 - Slot 8, 1, 7, 7
Company 1 - Veteran Battle Brother - Squad 7 - Slot 9, 1, 7, 8
Company 1 - Veteran Battle Brother - Squad 7 - Slot 10, 1, 7, 9
Company 1 - UNUSED - Squad 7 - Slot 11, 1, 7, 10
Company 1 - UNUSED - Squad 7 - Slot 12, 1, 7, 11
Company 1 - Veteran Sergeant - Squad 8 - Slot 1, 1, 8, 0
Company 1 - Bond-Keeper - Squad 8 - Slot 2, 1, 8, 1
Company 1 - Veteran Battle Brother - Squad 8 - Slot 3, 1, 8, 2
Company 1 - Veteran Battle Brother - Squad 8 - Slot 4, 1, 8, 3
Company 1 - Veteran Battle Brother - Squad 8 - Slot 5, 1, 8, 4
Company 1 - Veteran Battle Brother - Squad 8 - Slot 6, 1, 8, 5
Company 1 - Veteran Battle Brother - Squad 8 - Slot 7, 1, 8, 6
Company 1 - Veteran Battle Brother - Squad 8 - Slot 8, 1, 8, 7
Company 1 - Veteran Battle Brother - Squad 8 - Slot 9, 1, 8, 8
Company 1 - Veteran Battle Brother - Squad 8 - Slot 10, 1, 8, 9
Company 1 - UNUSED - Squad 8 - Slot 11, 1, 8, 10
Company 1 - UNUSED - Squad 8 - Slot 12, 1, 8, 11
Company 1 - Veteran Sergeant - Squad 9 - Slot 1, 1, 9, 0
Company 1 - Bond-Keeper - Squad 9 - Slot 2, 1, 9, 1
Company 1 - Veteran Battle Brother - Squad 9 - Slot 3, 1, 9, 2
Company 1 - Veteran Battle Brother - Squad 9 - Slot 4, 1, 9, 3
Company 1 - Veteran Battle Brother - Squad 9 - Slot 5, 1, 9, 4
Company 1 - Veteran Battle Brother - Squad 9 - Slot 6, 1, 9, 5
Company 1 - Veteran Battle Brother - Squad 9 - Slot 7, 1, 9, 6
Company 1 - Veteran Battle Brother - Squad 9 - Slot 8, 1, 9, 7
Company 1 - Veteran Battle Brother - Squad 9 - Slot 9, 1, 9, 8
Company 1 - Veteran Battle Brother - Squad 9 - Slot 10, 1, 9, 9
Company 1 - UNUSED - Squad 9 - Slot 11, 1, 9, 10
Company 1 - UNUSED - Squad 9 - Slot 12, 1, 9, 11
Company 1 - Veteran Sergeant - Squad 10 - Slot 1, 1, 10, 0
Company 1 - Bond-Keeper - Squad 10 - Slot 2, 1, 10, 1
Company 1 - Veteran Battle Brother - Squad 10 - Slot 3, 1, 10, 2
Company 1 - Veteran Battle Brother - Squad 10 - Slot 4, 1, 10, 3
Company 1 - Veteran Battle Brother - Squad 10 - Slot 5, 1, 10, 4
Company 1 - Veteran Battle Brother - Squad 10 - Slot 6, 1, 10, 5
Company 1 - Veteran Battle Brother - Squad 10 - Slot 7, 1, 10, 6
Company 1 - Veteran Battle Brother - Squad 10 - Slot 8, 1, 10, 7
Company 1 - Veteran Battle Brother - Squad 10 - Slot 9, 1, 10, 8
Company 1 - Veteran Battle Brother - Squad 10 - Slot 10, 1, 10, 9
Company 1 - UNUSED - Squad 10 - Slot 11, 1, 10, 10
Company 1 - UNUSED - Squad 10 - Slot 12, 1, 10, 11
Company 2 - Captain - Squad 0 - Slot 1, 2, 0, 0
Company 2 - Standard Bearer - Squad 0 - Slot 2, 2, 0, 1
Company 2 - Apothecary - Squad 0 - Slot 3, 2, 0, 2
Company 2 - Chaplain - Squad 0 - Slot 4, 2, 0, 3
Company 2 - Null-Warden - Squad 0 - Slot 5, 2, 0, 4
Company 2 - Lieutenant - Squad 0 - Slot 6, 2, 0, 5
Company 2 - Lieutenant - Squad 0 - Slot 7, 2, 0, 6
Company 2 - UNUSED - Squad 0 - Slot 8, 2, 0, 7
Company 2 - UNUSED - Squad 0 - Slot 9, 2, 0, 8
Company 2 - UNUSED - Squad 0 - Slot 10, 2, 0, 9
Company 2 - UNUSED - Squad 0 - Slot 11, 2, 0, 10
Company 2 - UNUSED - Squad 0 - Slot 12, 2, 0, 11
Company 2 - Sergeant - Squad 1 - Slot 1, 2, 1, 0
Company 2 - Bond-Keeper - Squad 1 - Slot 2, 2, 1, 1
Company 2 - Battle Brother - Squad 1 - Slot 3, 2, 1, 2
Company 2 - Battle Brother - Squad 1 - Slot 4, 2, 1, 3
Company 2 - Battle Brother - Squad 1 - Slot 5, 2, 1, 4
Company 2 - Battle Brother - Squad 1 - Slot 6, 2, 1, 5
Company 2 - Battle Brother - Squad 1 - Slot 7, 2, 1, 6
Company 2 - Battle Brother - Squad 1 - Slot 8, 2, 1, 7
Company 2 - Battle Brother - Squad 1 - Slot 9, 2, 1, 8
Company 2 - Battle Brother - Squad 1 - Slot 10, 2, 1, 9
Company 2 - UNUSED - Squad 1 - Slot 11, 2, 1, 10
Company 2 - UNUSED - Squad 1 - Slot 12, 2, 1, 11
Company 2 - Sergeant - Squad 2 - Slot 1, 2, 2, 0
Company 2 - Bond-Keeper - Squad 2 - Slot 2, 2, 2, 1
Company 2 - Battle Brother - Squad 2 - Slot 3, 2, 2, 2
Company 2 - Battle Brother - Squad 2 - Slot 4, 2, 2, 3
Company 2 - Battle Brother - Squad 2 - Slot 5, 2, 2, 4
Company 2 - Battle Brother - Squad 2 - Slot 6, 2, 2, 5
Company 2 - Battle Brother - Squad 2 - Slot 7, 2, 2, 6
Company 2 - Battle Brother - Squad 2 - Slot 8, 2, 2, 7
Company 2 - Battle Brother - Squad 2 - Slot 9, 2, 2, 8
Company 2 - Battle Brother - Squad 2 - Slot 10, 2, 2, 9
Company 2 - UNUSED - Squad 2 - Slot 11, 2, 2, 10
Company 2 - UNUSED - Squad 2 - Slot 12, 2, 2, 11
Company 2 - Sergeant - Squad 3 - Slot 1, 2, 3, 0
Company 2 - Bond-Keeper - Squad 3 - Slot 2, 2, 3, 1
Company 2 - Battle Brother - Squad 3 - Slot 3, 2, 3, 2
Company 2 - Battle Brother - Squad 3 - Slot 4, 2, 3, 3
Company 2 - Battle Brother - Squad 3 - Slot 5, 2, 3, 4
Company 2 - Battle Brother - Squad 3 - Slot 6, 2, 3, 5
Company 2 - Battle Brother - Squad 3 - Slot 7, 2, 3, 6
Company 2 - Battle Brother - Squad 3 - Slot 8, 2, 3, 7
Company 2 - Battle Brother - Squad 3 - Slot 9, 2, 3, 8
Company 2 - Dreadnought - Squad 3 - Slot 10, 2, 3, 9
Company 2 - UNUSED - Squad 3 - Slot 11, 2, 3, 10
Company 2 - UNUSED - Squad 3 - Slot 12, 2, 3, 11
Company 2 - Sergeant - Squad 4 - Slot 1, 2, 4, 0
Company 2 - Bond-Keeper - Squad 4 - Slot 2, 2, 4, 1
Company 2 - Battle Brother - Squad 4 - Slot 3, 2, 4, 2
Company 2 - Battle Brother - Squad 4 - Slot 4, 2, 4, 3
Company 2 - Battle Brother - Squad 4 - Slot 5, 2, 4, 4
Company 2 - Battle Brother - Squad 4 - Slot 6, 2, 4, 5
Company 2 - Battle Brother - Squad 4 - Slot 7, 2, 4, 6
Company 2 - Battle Brother - Squad 4 - Slot 8, 2, 4, 7
Company 2 - Battle Brother - Squad 4 - Slot 9, 2, 4, 8
Company 2 - Battle Brother - Squad 4 - Slot 10, 2, 4, 9
Company 2 - UNUSED - Squad 4 - Slot 11, 2, 4, 10
Company 2 - UNUSED - Squad 4 - Slot 12, 2, 4, 11
Company 2 - Sergeant - Squad 5 - Slot 1, 2, 5, 0
Company 2 - Bond-Keeper - Squad 5 - Slot 2, 2, 5, 1
Company 2 - Battle Brother - Squad 5 - Slot 3, 2, 5, 2
Company 2 - Battle Brother - Squad 5 - Slot 4, 2, 5, 3
Company 2 - Battle Brother - Squad 5 - Slot 5, 2, 5, 4
Company 2 - Battle Brother - Squad 5 - Slot 6, 2, 5, 5
Company 2 - Battle Brother - Squad 5 - Slot 7, 2, 5, 6
Company 2 - Battle Brother - Squad 5 - Slot 8, 2, 5, 7
Company 2 - Battle Brother - Squad 5 - Slot 9, 2, 5, 8
Company 2 - Battle Brother - Squad 5 - Slot 10, 2, 5, 9
Company 2 - UNUSED - Squad 5 - Slot 11, 2, 5, 10
Company 2 - UNUSED - Squad 5 - Slot 12, 2, 5, 11
Company 2 - Sergeant - Squad 6 - Slot 1, 2, 6, 0
Company 2 - Bond-Keeper - Squad 6 - Slot 2, 2, 6, 1
Company 2 - Battle Brother - Squad 6 - Slot 3, 2, 6, 2
Company 2 - Battle Brother - Squad 6 - Slot 4, 2, 6, 3
Company 2 - Battle Brother - Squad 6 - Slot 5, 2, 6, 4
Company 2 - Battle Brother - Squad 6 - Slot 6, 2, 6, 5
Company 2 - Battle Brother - Squad 6 - Slot 7, 2, 6, 6
Company 2 - Battle Brother - Squad 6 - Slot 8, 2, 6, 7
Company 2 - Battle Brother - Squad 6 - Slot 9, 2, 6, 8
Company 2 - Battle Brother - Squad 6 - Slot 10, 2, 6, 9
Company 2 - UNUSED - Squad 6 - Slot 11, 2, 6, 10
Company 2 - UNUSED - Squad 6 - Slot 12, 2, 6, 11
Company 2 - Sergeant - Squad 7 - Slot 1, 2, 7, 0
Company 2 - Bond-Keeper - Squad 7 - Slot 2, 2, 7, 1
Company 2 - Battle Brother - Squad 7 - Slot 3, 2, 7, 2
Company 2 - Battle Brother - Squad 7 - Slot 4, 2, 7, 3
Company 2 - Battle Brother - Squad 7 - Slot 5, 2, 7, 4
Company 2 - Battle Brother - Squad 7 - Slot 6, 2, 7, 5
Company 2 - Battle Brother - Squad 7 - Slot 7, 2, 7, 6
Company 2 - Battle Brother - Squad 7 - Slot 8, 2, 7, 7
Company 2 - Battle Brother - Squad 7 - Slot 9, 2, 7, 8
Company 2 - Battle Brother - Squad 7 - Slot 10, 2, 7, 9
Company 2 - UNUSED - Squad 7 - Slot 11, 2, 7, 10
Company 2 - UNUSED - Squad 7 - Slot 12, 2, 7, 11
Company 2 - Sergeant - Squad 8 - Slot 1, 2, 8, 0
Company 2 - Bond-Keeper - Squad 8 - Slot 2, 2, 8, 1
Company 2 - Battle Brother - Squad 8 - Slot 3, 2, 8, 2
Company 2 - Battle Brother - Squad 8 - Slot 4, 2, 8, 3
Company 2 - Battle Brother - Squad 8 - Slot 5, 2, 8, 4
Company 2 - Battle Brother - Squad 8 - Slot 6, 2, 8, 5
Company 2 - Battle Brother - Squad 8 - Slot 7, 2, 8, 6
Company 2 - Battle Brother - Squad 8 - Slot 8, 2, 8, 7
Company 2 - Battle Brother - Squad 8 - Slot 9, 2, 8, 8
Company 2 - Battle Brother - Squad 8 - Slot 10, 2, 8, 9
Company 2 - UNUSED - Squad 8 - Slot 11, 2, 8, 10
Company 2 - UNUSED - Squad 8 - Slot 12, 2, 8, 11
Company 2 - Sergeant - Squad 9 - Slot 1, 2, 9, 0
Company 2 - Bond-Keeper - Squad 9 - Slot 2, 2, 9, 1
Company 2 - Battle Brother - Squad 9 - Slot 3, 2, 9, 2
Company 2 - Battle Brother - Squad 9 - Slot 4, 2, 9, 3
Company 2 - Battle Brother - Squad 9 - Slot 5, 2, 9, 4
Company 2 - Battle Brother - Squad 9 - Slot 6, 2, 9, 5
Company 2 - Battle Brother - Squad 9 - Slot 7, 2, 9, 6
Company 2 - Battle Brother - Squad 9 - Slot 8, 2, 9, 7
Company 2 - Battle Brother - Squad 9 - Slot 9, 2, 9, 8
Company 2 - Battle Brother - Squad 9 - Slot 10, 2, 9, 9
Company 2 - UNUSED - Squad 9 - Slot 11, 2, 9, 10
Company 2 - UNUSED - Squad 9 - Slot 12, 2, 9, 11
Company 2 - Sergeant - Squad 10 - Slot 1, 2, 10, 0
Company 2 - Bond-Keeper - Squad 10 - Slot 2, 2, 10, 1
Company 2 - Battle Brother - Squad 10 - Slot 3, 2, 10, 2
Company 2 - Battle Brother - Squad 10 - Slot 4, 2, 10, 3
Company 2 - Battle Brother - Squad 10 - Slot 5, 2, 10, 4
Company 2 - Battle Brother - Squad 10 - Slot 6, 2, 10, 5
Company 2 - Battle Brother - Squad 10 - Slot 7, 2, 10, 6
Company 2 - Battle Brother - Squad 10 - Slot 8, 2, 10, 7
Company 2 - Battle Brother - Squad 10 - Slot 9, 2, 10, 8
Company 2 - Battle Brother - Squad 10 - Slot 10, 2, 10, 9
Company 2 - UNUSED - Squad 10 - Slot 11, 2, 10, 10
Company 2 - UNUSED - Squad 10 - Slot 12, 2, 10, 11
Company 3 - Captain - Squad 0 - Slot 1, 3, 0, 0
Company 3 - Standard Bearer - Squad 0 - Slot 2, 3, 0, 1
Company 3 - Apothecary - Squad 0 - Slot 3, 3, 0, 2
Company 3 - Chaplain - Squad 0 - Slot 4, 3, 0, 3
Company 3 - Null-Warden - Squad 0 - Slot 5, 3, 0, 4
Company 3 - Lieutenant - Squad 0 - Slot 6, 3, 0, 5
Company 3 - Lieutenant - Squad 0 - Slot 7, 3, 0, 6
Company 3 - UNUSED - Squad 0 - Slot 8, 3, 0, 7
Company 3 - UNUSED - Squad 0 - Slot 9, 3, 0, 8
Company 3 - UNUSED - Squad 0 - Slot 10, 3, 0, 9
Company 3 - UNUSED - Squad 0 - Slot 11, 3, 0, 10
Company 3 - UNUSED - Squad 0 - Slot 12, 3, 0, 11
Company 3 - Sergeant - Squad 1 - Slot 1, 3, 1, 0
Company 3 - Bond-Keeper - Squad 1 - Slot 2, 3, 1, 1
Company 3 - Battle Brother - Squad 1 - Slot 3, 3, 1, 2
Company 3 - Battle Brother - Squad 1 - Slot 4, 3, 1, 3
Company 3 - Battle Brother - Squad 1 - Slot 5, 3, 1, 4
Company 3 - Battle Brother - Squad 1 - Slot 6, 3, 1, 5
Company 3 - Battle Brother - Squad 1 - Slot 7, 3, 1, 6
Company 3 - Battle Brother - Squad 1 - Slot 8, 3, 1, 7
Company 3 - Battle Brother - Squad 1 - Slot 9, 3, 1, 8
Company 3 - Battle Brother - Squad 1 - Slot 10, 3, 1, 9
Company 3 - UNUSED - Squad 1 - Slot 11, 3, 1, 10
Company 3 - UNUSED - Squad 1 - Slot 12, 3, 1, 11
Company 3 - Sergeant - Squad 2 - Slot 1, 3, 2, 0
Company 3 - Bond-Keeper - Squad 2 - Slot 2, 3, 2, 1
Company 3 - Battle Brother - Squad 2 - Slot 3, 3, 2, 2
Company 3 - Battle Brother - Squad 2 - Slot 4, 3, 2, 3
Company 3 - Battle Brother - Squad 2 - Slot 5, 3, 2, 4
Company 3 - Battle Brother - Squad 2 - Slot 6, 3, 2, 5
Company 3 - Battle Brother - Squad 2 - Slot 7, 3, 2, 6
Company 3 - Battle Brother - Squad 2 - Slot 8, 3, 2, 7
Company 3 - Battle Brother - Squad 2 - Slot 9, 3, 2, 8
Company 3 - Battle Brother - Squad 2 - Slot 10, 3, 2, 9
Company 3 - UNUSED - Squad 2 - Slot 11, 3, 2, 10
Company 3 - UNUSED - Squad 2 - Slot 12, 3, 2, 11
Company 3 - Sergeant - Squad 3 - Slot 1, 3, 3, 0
Company 3 - Bond-Keeper - Squad 3 - Slot 2, 3, 3, 1
Company 3 - Battle Brother - Squad 3 - Slot 3, 3, 3, 2
Company 3 - Battle Brother - Squad 3 - Slot 4, 3, 3, 3
Company 3 - Battle Brother - Squad 3 - Slot 5, 3, 3, 4
Company 3 - Battle Brother - Squad 3 - Slot 6, 3, 3, 5
Company 3 - Battle Brother - Squad 3 - Slot 7, 3, 3, 6
Company 3 - Battle Brother - Squad 3 - Slot 8, 3, 3, 7
Company 3 - Battle Brother - Squad 3 - Slot 9, 3, 3, 8
Company 3 - Dreadnought - Squad 3 - Slot 10, 3, 3, 9
Company 3 - UNUSED - Squad 3 - Slot 11, 3, 3, 10
Company 3 - UNUSED - Squad 3 - Slot 12, 3, 3, 11
Company 3 - Sergeant - Squad 4 - Slot 1, 3, 4, 0
Company 3 - Bond-Keeper - Squad 4 - Slot 2, 3, 4, 1
Company 3 - Battle Brother - Squad 4 - Slot 3, 3, 4, 2
Company 3 - Battle Brother - Squad 4 - Slot 4, 3, 4, 3
Company 3 - Battle Brother - Squad 4 - Slot 5, 3, 4, 4
Company 3 - Battle Brother - Squad 4 - Slot 6, 3, 4, 5
Company 3 - Battle Brother - Squad 4 - Slot 7, 3, 4, 6
Company 3 - Battle Brother - Squad 4 - Slot 8, 3, 4, 7
Company 3 - Battle Brother - Squad 4 - Slot 9, 3, 4, 8
Company 3 - Battle Brother - Squad 4 - Slot 10, 3, 4, 9
Company 3 - UNUSED - Squad 4 - Slot 11, 3, 4, 10
Company 3 - UNUSED - Squad 4 - Slot 12, 3, 4, 11
Company 3 - Sergeant - Squad 5 - Slot 1, 3, 5, 0
Company 3 - Bond-Keeper - Squad 5 - Slot 2, 3, 5, 1
Company 3 - Battle Brother - Squad 5 - Slot 3, 3, 5, 2
Company 3 - Battle Brother - Squad 5 - Slot 4, 3, 5, 3
Company 3 - Battle Brother - Squad 5 - Slot 5, 3, 5, 4
Company 3 - Battle Brother - Squad 5 - Slot 6, 3, 5, 5
Company 3 - Battle Brother - Squad 5 - Slot 7, 3, 5, 6
Company 3 - Battle Brother - Squad 5 - Slot 8, 3, 5, 7
Company 3 - Battle Brother - Squad 5 - Slot 9, 3, 5, 8
Company 3 - Battle Brother - Squad 5 - Slot 10, 3, 5, 9
Company 3 - UNUSED - Squad 5 - Slot 11, 3, 5, 10
Company 3 - UNUSED - Squad 5 - Slot 12, 3, 5, 11
Company 3 - Sergeant - Squad 6 - Slot 1, 3, 6, 0
Company 3 - Bond-Keeper - Squad 6 - Slot 2, 3, 6, 1
Company 3 - Battle Brother - Squad 6 - Slot 3, 3, 6, 2
Company 3 - Battle Brother - Squad 6 - Slot 4, 3, 6, 3
Company 3 - Battle Brother - Squad 6 - Slot 5, 3, 6, 4
Company 3 - Battle Brother - Squad 6 - Slot 6, 3, 6, 5
Company 3 - Battle Brother - Squad 6 - Slot 7, 3, 6, 6
Company 3 - Battle Brother - Squad 6 - Slot 8, 3, 6, 7
Company 3 - Battle Brother - Squad 6 - Slot 9, 3, 6, 8
Company 3 - Battle Brother - Squad 6 - Slot 10, 3, 6, 9
Company 3 - UNUSED - Squad 6 - Slot 11, 3, 6, 10
Company 3 - UNUSED - Squad 6 - Slot 12, 3, 6, 11
Company 3 - Sergeant - Squad 7 - Slot 1, 3, 7, 0
Company 3 - Bond-Keeper - Squad 7 - Slot 2, 3, 7, 1
Company 3 - Battle Brother - Squad 7 - Slot 3, 3, 7, 2
Company 3 - Battle Brother - Squad 7 - Slot 4, 3, 7, 3
Company 3 - Battle Brother - Squad 7 - Slot 5, 3, 7, 4
Company 3 - Battle Brother - Squad 7 - Slot 6, 3, 7, 5
Company 3 - Battle Brother - Squad 7 - Slot 7, 3, 7, 6
Company 3 - Battle Brother - Squad 7 - Slot 8, 3, 7, 7
Company 3 - Battle Brother - Squad 7 - Slot 9, 3, 7, 8
Company 3 - Battle Brother - Squad 7 - Slot 10, 3, 7, 9
Company 3 - UNUSED - Squad 7 - Slot 11, 3, 7, 10
Company 3 - UNUSED - Squad 7 - Slot 12, 3, 7, 11
Company 3 - Sergeant - Squad 8 - Slot 1, 3, 8, 0
Company 3 - Bond-Keeper - Squad 8 - Slot 2, 3, 8, 1
Company 3 - Battle Brother - Squad 8 - Slot 3, 3, 8, 2
Company 3 - Battle Brother - Squad 8 - Slot 4, 3, 8, 3
Company 3 - Battle Brother - Squad 8 - Slot 5, 3, 8, 4
Company 3 - Battle Brother - Squad 8 - Slot 6, 3, 8, 5
Company 3 - Battle Brother - Squad 8 - Slot 7, 3, 8, 6
Company 3 - Battle Brother - Squad 8 - Slot 8, 3, 8, 7
Company 3 - Battle Brother - Squad 8 - Slot 9, 3, 8, 8
Company 3 - Battle Brother - Squad 8 - Slot 10, 3, 8, 9
Company 3 - UNUSED - Squad 8 - Slot 11, 3, 8, 10
Company 3 - UNUSED - Squad 8 - Slot 12, 3, 8, 11
Company 3 - Sergeant - Squad 9 - Slot 1, 3, 9, 0
Company 3 - Bond-Keeper - Squad 9 - Slot 2, 3, 9, 1
Company 3 - Battle Brother - Squad 9 - Slot 3, 3, 9, 2
Company 3 - Battle Brother - Squad 9 - Slot 4, 3, 9, 3
Company 3 - Battle Brother - Squad 9 - Slot 5, 3, 9, 4
Company 3 - Battle Brother - Squad 9 - Slot 6, 3, 9, 5
Company 3 - Battle Brother - Squad 9 - Slot 7, 3, 9, 6
Company 3 - Battle Brother - Squad 9 - Slot 8, 3, 9, 7
Company 3 - Battle Brother - Squad 9 - Slot 9, 3, 9, 8
Company 3 - Battle Brother - Squad 9 - Slot 10, 3, 9, 9
Company 3 - UNUSED - Squad 9 - Slot 11, 3, 9, 10
Company 3 - UNUSED - Squad 9 - Slot 12, 3, 9, 11
Company 3 - Sergeant (Runt) - Squad 10 - Slot 1, 3, 10, 0
Company 3 - Bond-Keeper - Squad 10 - Slot 2, 3, 10, 1
Company 3 - Battle Brother (Runt) - Squad 10 - Slot 3, 3, 10, 2
Company 3 - Battle Brother (Runt) - Squad 10 - Slot 4, 3, 10, 3
Company 3 - Battle Brother (Runt) - Squad 10 - Slot 5, 3, 10, 4
Company 3 - Battle Brother (Runt) - Squad 10 - Slot 6, 3, 10, 5
Company 3 - Battle Brother (Runt) - Squad 10 - Slot 7, 3, 10, 6
Company 3 - Battle Brother - Squad 10 - Slot 8, 3, 10, 7
Company 3 - Battle Brother - Squad 10 - Slot 9, 3, 10, 8
Company 3 - Battle Brother - Squad 10 - Slot 10, 3, 10, 9
Company 3 - UNUSED - Squad 10 - Slot 11, 3, 10, 10
Company 3 - UNUSED - Squad 10 - Slot 12, 3, 10, 11
Company 4 - Captain - Squad 0 - Slot 1, 4, 0, 0
Company 4 - Standard Bearer - Squad 0 - Slot 2, 4, 0, 1
Company 4 - Apothecary - Squad 0 - Slot 3, 4, 0, 2
Company 4 - Chaplain - Squad 0 - Slot 4, 4, 0, 3
Company 4 - Null-Warden - Squad 0 - Slot 5, 4, 0, 4
Company 4 - Lieutenant - Squad 0 - Slot 6, 4, 0, 5
Company 4 - Lieutenant - Squad 0 - Slot 7, 4, 0, 6
Company 4 - UNUSED - Squad 0 - Slot 8, 4, 0, 7
Company 4 - UNUSED - Squad 0 - Slot 9, 4, 0, 8
Company 4 - UNUSED - Squad 0 - Slot 10, 4, 0, 9
Company 4 - UNUSED - Squad 0 - Slot 11, 4, 0, 10
Company 4 - UNUSED - Squad 0 - Slot 12, 4, 0, 11
Company 4 - Sergeant - Squad 1 - Slot 1, 4, 1, 0
Company 4 - Bond-Keeper - Squad 1 - Slot 2, 4, 1, 1
Company 4 - Battle Brother - Squad 1 - Slot 3, 4, 1, 2
Company 4 - Battle Brother - Squad 1 - Slot 4, 4, 1, 3
Company 4 - Battle Brother - Squad 1 - Slot 5, 4, 1, 4
Company 4 - Battle Brother - Squad 1 - Slot 6, 4, 1, 5
Company 4 - Battle Brother - Squad 1 - Slot 7, 4, 1, 6
Company 4 - Battle Brother - Squad 1 - Slot 8, 4, 1, 7
Company 4 - Battle Brother - Squad 1 - Slot 9, 4, 1, 8
Company 4 - Battle Brother - Squad 1 - Slot 10, 4, 1, 9
Company 4 - UNUSED - Squad 1 - Slot 11, 4, 1, 10
Company 4 - UNUSED - Squad 1 - Slot 12, 4, 1, 11
Company 4 - Sergeant - Squad 2 - Slot 1, 4, 2, 0
Company 4 - Bond-Keeper - Squad 2 - Slot 2, 4, 2, 1
Company 4 - Battle Brother - Squad 2 - Slot 3, 4, 2, 2
Company 4 - Battle Brother - Squad 2 - Slot 4, 4, 2, 3
Company 4 - Battle Brother - Squad 2 - Slot 5, 4, 2, 4
Company 4 - Battle Brother - Squad 2 - Slot 6, 4, 2, 5
Company 4 - Battle Brother - Squad 2 - Slot 7, 4, 2, 6
Company 4 - Battle Brother - Squad 2 - Slot 8, 4, 2, 7
Company 4 - Battle Brother - Squad 2 - Slot 9, 4, 2, 8
Company 4 - Battle Brother - Squad 2 - Slot 10, 4, 2, 9
Company 4 - UNUSED - Squad 2 - Slot 11, 4, 2, 10
Company 4 - UNUSED - Squad 2 - Slot 12, 4, 2, 11
Company 4 - Sergeant - Squad 3 - Slot 1, 4, 3, 0
Company 4 - Bond-Keeper - Squad 3 - Slot 2, 4, 3, 1
Company 4 - Battle Brother - Squad 3 - Slot 3, 4, 3, 2
Company 4 - Battle Brother - Squad 3 - Slot 4, 4, 3, 3
Company 4 - Battle Brother - Squad 3 - Slot 5, 4, 3, 4
Company 4 - Battle Brother - Squad 3 - Slot 6, 4, 3, 5
Company 4 - Battle Brother - Squad 3 - Slot 7, 4, 3, 6
Company 4 - Battle Brother - Squad 3 - Slot 8, 4, 3, 7
Company 4 - Battle Brother - Squad 3 - Slot 9, 4, 3, 8
Company 4 - Battle Brother - Squad 3 - Slot 10, 4, 3, 9
Company 4 - UNUSED - Squad 3 - Slot 11, 4, 3, 10
Company 4 - UNUSED - Squad 3 - Slot 12, 4, 3, 11
Company 4 - Sergeant - Squad 4 - Slot 1, 4, 4, 0
Company 4 - Bond-Keeper - Squad 4 - Slot 2, 4, 4, 1
Company 4 - Battle Brother - Squad 4 - Slot 3, 4, 4, 2
Company 4 - Battle Brother - Squad 4 - Slot 4, 4, 4, 3
Company 4 - Battle Brother - Squad 4 - Slot 5, 4, 4, 4
Company 4 - Battle Brother - Squad 4 - Slot 6, 4, 4, 5
Company 4 - Battle Brother - Squad 4 - Slot 7, 4, 4, 6
Company 4 - Battle Brother - Squad 4 - Slot 8, 4, 4, 7
Company 4 - Battle Brother - Squad 4 - Slot 9, 4, 4, 8
Company 4 - Battle Brother - Squad 4 - Slot 10, 4, 4, 9
Company 4 - UNUSED - Squad 4 - Slot 11, 4, 4, 10
Company 4 - UNUSED - Squad 4 - Slot 12, 4, 4, 11
Company 4 - Sergeant - Squad 5 - Slot 1, 4, 5, 0
Company 4 - Bond-Keeper - Squad 5 - Slot 2, 4, 5, 1
Company 4 - Battle Brother - Squad 5 - Slot 3, 4, 5, 2
Company 4 - Battle Brother - Squad 5 - Slot 4, 4, 5, 3
Company 4 - Battle Brother - Squad 5 - Slot 5, 4, 5, 4
Company 4 - Battle Brother - Squad 5 - Slot 6, 4, 5, 5
Company 4 - Battle Brother - Squad 5 - Slot 7, 4, 5, 6
Company 4 - Battle Brother - Squad 5 - Slot 8, 4, 5, 7
Company 4 - Battle Brother - Squad 5 - Slot 9, 4, 5, 8
Company 4 - Battle Brother - Squad 5 - Slot 10, 4, 5, 9
Company 4 - UNUSED - Squad 5 - Slot 11, 4, 5, 10
Company 4 - UNUSED - Squad 5 - Slot 12, 4, 5, 11
Company 4 - Sergeant - Squad 6 - Slot 1, 4, 6, 0
Company 4 - Bond-Keeper - Squad 6 - Slot 2, 4, 6, 1
Company 4 - Battle Brother - Squad 6 - Slot 3, 4, 6, 2
Company 4 - Battle Brother - Squad 6 - Slot 4, 4, 6, 3
Company 4 - Battle Brother - Squad 6 - Slot 5, 4, 6, 4
Company 4 - Battle Brother - Squad 6 - Slot 6, 4, 6, 5
Company 4 - Battle Brother - Squad 6 - Slot 7, 4, 6, 6
Company 4 - Battle Brother - Squad 6 - Slot 8, 4, 6, 7
Company 4 - Battle Brother - Squad 6 - Slot 9, 4, 6, 8
Company 4 - Battle Brother - Squad 6 - Slot 10, 4, 6, 9
Company 4 - UNUSED - Squad 6 - Slot 11, 4, 6, 10
Company 4 - UNUSED - Squad 6 - Slot 12, 4, 6, 11
Company 4 - Sergeant - Squad 7 - Slot 1, 4, 7, 0
Company 4 - Bond-Keeper - Squad 7 - Slot 2, 4, 7, 1
Company 4 - Battle Brother - Squad 7 - Slot 3, 4, 7, 2
Company 4 - Battle Brother - Squad 7 - Slot 4, 4, 7, 3
Company 4 - Battle Brother - Squad 7 - Slot 5, 4, 7, 4
Company 4 - Battle Brother - Squad 7 - Slot 6, 4, 7, 5
Company 4 - Battle Brother - Squad 7 - Slot 7, 4, 7, 6
Company 4 - Battle Brother - Squad 7 - Slot 8, 4, 7, 7
Company 4 - Battle Brother - Squad 7 - Slot 9, 4, 7, 8
Company 4 - Battle Brother - Squad 7 - Slot 10, 4, 7, 9
Company 4 - UNUSED - Squad 7 - Slot 11, 4, 7, 10
Company 4 - UNUSED - Squad 7 - Slot 12, 4, 7, 11
Company 4 - Sergeant - Squad 8 - Slot 1, 4, 8, 0
Company 4 - Bond-Keeper - Squad 8 - Slot 2, 4, 8, 1
Company 4 - Battle Brother - Squad 8 - Slot 3, 4, 8, 2
Company 4 - Battle Brother - Squad 8 - Slot 4, 4, 8, 3
Company 4 - Battle Brother - Squad 8 - Slot 5, 4, 8, 4
Company 4 - Battle Brother - Squad 8 - Slot 6, 4, 8, 5
Company 4 - Battle Brother - Squad 8 - Slot 7, 4, 8, 6
Company 4 - Battle Brother - Squad 8 - Slot 8, 4, 8, 7
Company 4 - Battle Brother - Squad 8 - Slot 9, 4, 8, 8
Company 4 - Battle Brother - Squad 8 - Slot 10, 4, 8, 9
Company 4 - UNUSED - Squad 8 - Slot 11, 4, 8, 10
Company 4 - UNUSED - Squad 8 - Slot 12, 4, 8, 11
Company 4 - Sergeant - Squad 9 - Slot 1, 4, 9, 0
Company 4 - Bond-Keeper - Squad 9 - Slot 2, 4, 9, 1
Company 4 - Battle Brother - Squad 9 - Slot 3, 4, 9, 2
Company 4 - Battle Brother - Squad 9 - Slot 4, 4, 9, 3
Company 4 - Battle Brother - Squad 9 - Slot 5, 4, 9, 4
Company 4 - Battle Brother - Squad 9 - Slot 6, 4, 9, 5
Company 4 - Battle Brother - Squad 9 - Slot 7, 4, 9, 6
Company 4 - Battle Brother - Squad 9 - Slot 8, 4, 9, 7
Company 4 - Battle Brother - Squad 9 - Slot 9, 4, 9, 8
Company 4 - Battle Brother - Squad 9 - Slot 10, 4, 9, 9
Company 4 - UNUSED - Squad 9 - Slot 11, 4, 9, 10
Company 4 - UNUSED - Squad 9 - Slot 12, 4, 9, 11
Company 4 - Sergeant - Squad 10 - Slot 1, 4, 10, 0
Company 4 - Bond-Keeper - Squad 10 - Slot 2, 4, 10, 1
Company 4 - Battle Brother - Squad 10 - Slot 3, 4, 10, 2
Company 4 - Battle Brother - Squad 10 - Slot 4, 4, 10, 3
Company 4 - Battle Brother - Squad 10 - Slot 5, 4, 10, 4
Company 4 - Battle Brother - Squad 10 - Slot 6, 4, 10, 5
Company 4 - Battle Brother (Runt) - Squad 10 - Slot 7, 4, 10, 6
Company 4 - Battle Brother (Runt) - Squad 10 - Slot 8, 4, 10, 7
Company 4 - Battle Brother (Runt) - Squad 10 - Slot 9, 4, 10, 8
Company 4 - Battle Brother (Runt) - Squad 10 - Slot 10, 4, 10, 9
Company 4 - UNUSED - Squad 10 - Slot 11, 4, 10, 10
Company 4 - UNUSED - Squad 10 - Slot 12, 4, 10, 11
Company 5 - Captain - Squad 0 - Slot 1, 5, 0, 0
Company 5 - Standard Bearer - Squad 0 - Slot 2, 5, 0, 1
Company 5 - Apothecary - Squad 0 - Slot 3, 5, 0, 2
Company 5 - Chaplain - Squad 0 - Slot 4, 5, 0, 3
Company 5 - Null-Warden - Squad 0 - Slot 5, 5, 0, 4
Company 5 - Techmarine - Squad 0 - Slot 6, 5, 0, 5
Company 5 - Lieutenant - Squad 0 - Slot 7, 5, 0, 6
Company 5 - Lieutenant - Squad 0 - Slot 8, 5, 0, 7
Company 5 - UNUSED - Squad 0 - Slot 9, 5, 0, 8
Company 5 - UNUSED - Squad 0 - Slot 10, 5, 0, 9
Company 5 - UNUSED - Squad 0 - Slot 11, 5, 0, 10
Company 5 - UNUSED - Squad 0 - Slot 12, 5, 0, 11
Company 5 - Sergeant - Squad 1 - Slot 1, 5, 1, 0
Company 5 - Bond-Keeper - Squad 1 - Slot 2, 5, 1, 1
Company 5 - Artificer Brother - Squad 1 - Slot 3, 5, 1, 2
Company 5 - Artificer Brother - Squad 1 - Slot 4, 5, 1, 3
Company 5 - Battle Brother - Squad 1 - Slot 5, 5, 1, 4
Company 5 - Battle Brother - Squad 1 - Slot 6, 5, 1, 5
Company 5 - Battle Brother - Squad 1 - Slot 7, 5, 1, 6
Company 5 - Battle Brother - Squad 1 - Slot 8, 5, 1, 7
Company 5 - Battle Brother - Squad 1 - Slot 9, 5, 1, 8
Company 5 - Battle Brother - Squad 1 - Slot 10, 5, 1, 9
Company 5 - UNUSED - Squad 1 - Slot 11, 5, 1, 10
Company 5 - UNUSED - Squad 1 - Slot 12, 5, 1, 11
Company 5 - Sergeant - Squad 2 - Slot 1, 5, 2, 0
Company 5 - Bond-Keeper - Squad 2 - Slot 2, 5, 2, 1
Company 5 - Artificer Brother - Squad 2 - Slot 3, 5, 2, 2
Company 5 - Artificer Brother - Squad 2 - Slot 4, 5, 2, 3
Company 5 - Battle Brother - Squad 2 - Slot 5, 5, 2, 4
Company 5 - Battle Brother - Squad 2 - Slot 6, 5, 2, 5
Company 5 - Battle Brother - Squad 2 - Slot 7, 5, 2, 6
Company 5 - Battle Brother - Squad 2 - Slot 8, 5, 2, 7
Company 5 - Battle Brother - Squad 2 - Slot 9, 5, 2, 8
Company 5 - Battle Brother - Squad 2 - Slot 10, 5, 2, 9
Company 5 - UNUSED - Squad 2 - Slot 11, 5, 2, 10
Company 5 - UNUSED - Squad 2 - Slot 12, 5, 2, 11
Company 5 - Sergeant - Squad 3 - Slot 1, 5, 3, 0
Company 5 - Bond-Keeper - Squad 3 - Slot 2, 5, 3, 1
Company 5 - Artificer Brother - Squad 3 - Slot 3, 5, 3, 2
Company 5 - Artificer Brother - Squad 3 - Slot 4, 5, 3, 3
Company 5 - Battle Brother - Squad 3 - Slot 5, 5, 3, 4
Company 5 - Battle Brother - Squad 3 - Slot 6, 5, 3, 5
Company 5 - Battle Brother - Squad 3 - Slot 7, 5, 3, 6
Company 5 - Battle Brother - Squad 3 - Slot 8, 5, 3, 7
Company 5 - Battle Brother - Squad 3 - Slot 9, 5, 3, 8
Company 5 - Dreadnought - Squad 3 - Slot 10, 5, 3, 9
Company 5 - UNUSED - Squad 3 - Slot 11, 5, 3, 10
Company 5 - UNUSED - Squad 3 - Slot 12, 5, 3, 11
Company 5 - Sergeant - Squad 4 - Slot 1, 5, 4, 0
Company 5 - Bond-Keeper - Squad 4 - Slot 2, 5, 4, 1
Company 5 - Artificer Brother - Squad 4 - Slot 3, 5, 4, 2
Company 5 - Artificer Brother - Squad 4 - Slot 4, 5, 4, 3
Company 5 - Battle Brother - Squad 4 - Slot 5, 5, 4, 4
Company 5 - Battle Brother - Squad 4 - Slot 6, 5, 4, 5
Company 5 - Battle Brother - Squad 4 - Slot 7, 5, 4, 6
Company 5 - Battle Brother - Squad 4 - Slot 8, 5, 4, 7
Company 5 - Battle Brother - Squad 4 - Slot 9, 5, 4, 8
Company 5 - Dreadnought - Squad 4 - Slot 10, 5, 4, 9
Company 5 - UNUSED - Squad 4 - Slot 11, 5, 4, 10
Company 5 - UNUSED - Squad 4 - Slot 12, 5, 4, 11
Company 5 - Sergeant - Squad 5 - Slot 1, 5, 5, 0
Company 5 - Bond-Keeper - Squad 5 - Slot 2, 5, 5, 1
Company 5 - Artificer Brother - Squad 5 - Slot 3, 5, 5, 2
Company 5 - Artificer Brother - Squad 5 - Slot 4, 5, 5, 3
Company 5 - Battle Brother - Squad 5 - Slot 5, 5, 5, 4
Company 5 - Battle Brother - Squad 5 - Slot 6, 5, 5, 5
Company 5 - Battle Brother - Squad 5 - Slot 7, 5, 5, 6
Company 5 - Battle Brother - Squad 5 - Slot 8, 5, 5, 7
Company 5 - Battle Brother - Squad 5 - Slot 9, 5, 5, 8
Company 5 - Dreadnought - Squad 5 - Slot 10, 5, 5, 9
Company 5 - UNUSED - Squad 5 - Slot 11, 5, 5, 10
Company 5 - UNUSED - Squad 5 - Slot 12, 5, 5, 11
Company 5 - Sergeant - Squad 6 - Slot 1, 5, 6, 0
Company 5 - Bond-Keeper - Squad 6 - Slot 2, 5, 6, 1
Company 5 - Artificer Brother - Squad 6 - Slot 3, 5, 6, 2
Company 5 - Artificer Brother - Squad 6 - Slot 4, 5, 6, 3
Company 5 - Battle Brother - Squad 6 - Slot 5, 5, 6, 4
Company 5 - Battle Brother - Squad 6 - Slot 6, 5, 6, 5
Company 5 - Battle Brother - Squad 6 - Slot 7, 5, 6, 6
Company 5 - Battle Brother - Squad 6 - Slot 8, 5, 6, 7
Company 5 - Battle Brother - Squad 6 - Slot 9, 5, 6, 8
Company 5 - Dreadnought - Squad 6 - Slot 10, 5, 6, 9
Company 5 - UNUSED - Squad 6 - Slot 11, 5, 6, 10
Company 5 - UNUSED - Squad 6 - Slot 12, 5, 6, 11
Company 5 - Sergeant - Squad 7 - Slot 1, 5, 7, 0
Company 5 - Bond-Keeper - Squad 7 - Slot 2, 5, 7, 1
Company 5 - Artificer Brother - Squad 7 - Slot 3, 5, 7, 2
Company 5 - Artificer Brother - Squad 7 - Slot 4, 5, 7, 3
Company 5 - Battle Brother - Squad 7 - Slot 5, 5, 7, 4
Company 5 - Battle Brother - Squad 7 - Slot 6, 5, 7, 5
Company 5 - Battle Brother - Squad 7 - Slot 7, 5, 7, 6
Company 5 - Battle Brother - Squad 7 - Slot 8, 5, 7, 7
Company 5 - Battle Brother - Squad 7 - Slot 9, 5, 7, 8
Company 5 - Battle Brother - Squad 7 - Slot 10, 5, 7, 9
Company 5 - UNUSED - Squad 7 - Slot 11, 5, 7, 10
Company 5 - UNUSED - Squad 7 - Slot 12, 5, 7, 11
Company 5 - Sergeant - Squad 8 - Slot 1, 5, 8, 0
Company 5 - Bond-Keeper - Squad 8 - Slot 2, 5, 8, 1
Company 5 - Artificer Brother - Squad 8 - Slot 3, 5, 8, 2
Company 5 - Artificer Brother - Squad 8 - Slot 4, 5, 8, 3
Company 5 - Battle Brother - Squad 8 - Slot 5, 5, 8, 4
Company 5 - Battle Brother - Squad 8 - Slot 6, 5, 8, 5
Company 5 - Battle Brother - Squad 8 - Slot 7, 5, 8, 6
Company 5 - Battle Brother - Squad 8 - Slot 8, 5, 8, 7
Company 5 - Battle Brother - Squad 8 - Slot 9, 5, 8, 8
Company 5 - Battle Brother - Squad 8 - Slot 10, 5, 8, 9
Company 5 - UNUSED - Squad 8 - Slot 11, 5, 8, 10
Company 5 - UNUSED - Squad 8 - Slot 12, 5, 8, 11
Company 5 - Sergeant - Squad 9 - Slot 1, 5, 9, 0
Company 5 - Bond-Keeper - Squad 9 - Slot 2, 5, 9, 1
Company 5 - Artificer Brother - Squad 9 - Slot 3, 5, 9, 2
Company 5 - Artificer Brother - Squad 9 - Slot 4, 5, 9, 3
Company 5 - Battle Brother - Squad 9 - Slot 5, 5, 9, 4
Company 5 - Battle Brother - Squad 9 - Slot 6, 5, 9, 5
Company 5 - Battle Brother - Squad 9 - Slot 7, 5, 9, 6
Company 5 - Battle Brother - Squad 9 - Slot 8, 5, 9, 7
Company 5 - Battle Brother - Squad 9 - Slot 9, 5, 9, 8
Company 5 - Battle Brother - Squad 9 - Slot 10, 5, 9, 9
Company 5 - UNUSED - Squad 9 - Slot 11, 5, 9, 10
Company 5 - UNUSED - Squad 9 - Slot 12, 5, 9, 11
Company 5 - Sergeant (Runt) - Squad 10 - Slot 1, 5, 10, 0
Company 5 - Bond-Keeper - Squad 10 - Slot 2, 5, 10, 1
Company 5 - Battle Brother (Runt) - Squad 10 - Slot 3, 5, 10, 2
Company 5 - Battle Brother (Runt) - Squad 10 - Slot 4, 5, 10, 3
Company 5 - Battle Brother (Runt) - Squad 10 - Slot 5, 5, 10, 4
Company 5 - Battle Brother (Runt) - Squad 10 - Slot 6, 5, 10, 5
Company 5 - Battle Brother (Runt) - Squad 10 - Slot 7, 5, 10, 6
Company 5 - Battle Brother (Runt) - Squad 10 - Slot 8, 5, 10, 7
Company 5 - Battle Brother (Runt) - Squad 10 - Slot 9, 5, 10, 8
Company 5 - Battle Brother (Runt) - Squad 10 - Slot 10, 5, 10, 9
Company 5 - UNUSED - Squad 10 - Slot 11, 5, 10, 10
Company 5 - UNUSED - Squad 10 - Slot 12, 5, 10, 11
Company 6 - Captain - Squad 0 - Slot 1, 6, 0, 0
Company 6 - Standard Bearer - Squad 0 - Slot 2, 6, 0, 1
Company 6 - Apothecary - Squad 0 - Slot 3, 6, 0, 2
Company 6 - Chaplain - Squad 0 - Slot 4, 6, 0, 3
Company 6 - Null-Warden - Squad 0 - Slot 5, 6, 0, 4
Company 6 - Lieutenant - Squad 0 - Slot 6, 6, 0, 5
Company 6 - Lieutenant - Squad 0 - Slot 7, 6, 0, 6
Company 6 - UNUSED - Squad 0 - Slot 8, 6, 0, 7
Company 6 - UNUSED - Squad 0 - Slot 9, 6, 0, 8
Company 6 - UNUSED - Squad 0 - Slot 10, 6, 0, 9
Company 6 - UNUSED - Squad 0 - Slot 11, 6, 0, 10
Company 6 - UNUSED - Squad 0 - Slot 12, 6, 0, 11
Company 6 - Sergeant - Squad 1 - Slot 1, 6, 1, 0
Company 6 - Bond-Keeper - Squad 1 - Slot 2, 6, 1, 1
Company 6 - Battle Brother - Squad 1 - Slot 3, 6, 1, 2
Company 6 - Battle Brother - Squad 1 - Slot 4, 6, 1, 3
Company 6 - Battle Brother - Squad 1 - Slot 5, 6, 1, 4
Company 6 - Battle Brother - Squad 1 - Slot 6, 6, 1, 5
Company 6 - Battle Brother - Squad 1 - Slot 7, 6, 1, 6
Company 6 - Battle Brother - Squad 1 - Slot 8, 6, 1, 7
Company 6 - Battle Brother - Squad 1 - Slot 9, 6, 1, 8
Company 6 - Dreadnought - Squad 1 - Slot 10, 6, 1, 9
Company 6 - UNUSED - Squad 1 - Slot 11, 6, 1, 10
Company 6 - UNUSED - Squad 1 - Slot 12, 6, 1, 11
Company 6 - Sergeant - Squad 2 - Slot 1, 6, 2, 0
Company 6 - Bond-Keeper - Squad 2 - Slot 2, 6, 2, 1
Company 6 - Battle Brother - Squad 2 - Slot 3, 6, 2, 2
Company 6 - Battle Brother - Squad 2 - Slot 4, 6, 2, 3
Company 6 - Battle Brother - Squad 2 - Slot 5, 6, 2, 4
Company 6 - Battle Brother - Squad 2 - Slot 6, 6, 2, 5
Company 6 - Battle Brother - Squad 2 - Slot 7, 6, 2, 6
Company 6 - Battle Brother - Squad 2 - Slot 8, 6, 2, 7
Company 6 - Battle Brother - Squad 2 - Slot 9, 6, 2, 8
Company 6 - Battle Brother - Squad 2 - Slot 10, 6, 2, 9
Company 6 - UNUSED - Squad 2 - Slot 11, 6, 2, 10
Company 6 - UNUSED - Squad 2 - Slot 12, 6, 2, 11
Company 6 - Sergeant - Squad 3 - Slot 1, 6, 3, 0
Company 6 - Bond-Keeper - Squad 3 - Slot 2, 6, 3, 1
Company 6 - Battle Brother - Squad 3 - Slot 3, 6, 3, 2
Company 6 - Battle Brother - Squad 3 - Slot 4, 6, 3, 3
Company 6 - Battle Brother - Squad 3 - Slot 5, 6, 3, 4
Company 6 - Battle Brother - Squad 3 - Slot 6, 6, 3, 5
Company 6 - Battle Brother - Squad 3 - Slot 7, 6, 3, 6
Company 6 - Battle Brother - Squad 3 - Slot 8, 6, 3, 7
Company 6 - Battle Brother - Squad 3 - Slot 9, 6, 3, 8
Company 6 - Battle Brother - Squad 3 - Slot 10, 6, 3, 9
Company 6 - UNUSED - Squad 3 - Slot 11, 6, 3, 10
Company 6 - UNUSED - Squad 3 - Slot 12, 6, 3, 11
Company 6 - Sergeant - Squad 4 - Slot 1, 6, 4, 0
Company 6 - Bond-Keeper - Squad 4 - Slot 2, 6, 4, 1
Company 6 - Battle Brother - Squad 4 - Slot 3, 6, 4, 2
Company 6 - Battle Brother - Squad 4 - Slot 4, 6, 4, 3
Company 6 - Battle Brother - Squad 4 - Slot 5, 6, 4, 4
Company 6 - Battle Brother - Squad 4 - Slot 6, 6, 4, 5
Company 6 - Battle Brother - Squad 4 - Slot 7, 6, 4, 6
Company 6 - Battle Brother - Squad 4 - Slot 8, 6, 4, 7
Company 6 - Battle Brother - Squad 4 - Slot 9, 6, 4, 8
Company 6 - Battle Brother - Squad 4 - Slot 10, 6, 4, 9
Company 6 - UNUSED - Squad 4 - Slot 11, 6, 4, 10
Company 6 - UNUSED - Squad 4 - Slot 12, 6, 4, 11
Company 6 - Sergeant - Squad 5 - Slot 1, 6, 5, 0
Company 6 - Bond-Keeper - Squad 5 - Slot 2, 6, 5, 1
Company 6 - Battle Brother - Squad 5 - Slot 3, 6, 5, 2
Company 6 - Battle Brother - Squad 5 - Slot 4, 6, 5, 3
Company 6 - Battle Brother - Squad 5 - Slot 5, 6, 5, 4
Company 6 - Battle Brother - Squad 5 - Slot 6, 6, 5, 5
Company 6 - Battle Brother - Squad 5 - Slot 7, 6, 5, 6
Company 6 - Battle Brother - Squad 5 - Slot 8, 6, 5, 7
Company 6 - Battle Brother - Squad 5 - Slot 9, 6, 5, 8
Company 6 - Battle Brother - Squad 5 - Slot 10, 6, 5, 9
Company 6 - UNUSED - Squad 5 - Slot 11, 6, 5, 10
Company 6 - UNUSED - Squad 5 - Slot 12, 6, 5, 11
Company 6 - Sergeant - Squad 6 - Slot 1, 6, 6, 0
Company 6 - Bond-Keeper - Squad 6 - Slot 2, 6, 6, 1
Company 6 - Battle Brother - Squad 6 - Slot 3, 6, 6, 2
Company 6 - Battle Brother - Squad 6 - Slot 4, 6, 6, 3
Company 6 - Battle Brother - Squad 6 - Slot 5, 6, 6, 4
Company 6 - Battle Brother - Squad 6 - Slot 6, 6, 6, 5
Company 6 - Battle Brother - Squad 6 - Slot 7, 6, 6, 6
Company 6 - Battle Brother - Squad 6 - Slot 8, 6, 6, 7
Company 6 - Battle Brother - Squad 6 - Slot 9, 6, 6, 8
Company 6 - Battle Brother - Squad 6 - Slot 10, 6, 6, 9
Company 6 - UNUSED - Squad 6 - Slot 11, 6, 6, 10
Company 6 - UNUSED - Squad 6 - Slot 12, 6, 6, 11
Company 6 - Sergeant - Squad 7 - Slot 1, 6, 7, 0
Company 6 - Bond-Keeper - Squad 7 - Slot 2, 6, 7, 1
Company 6 - Battle Brother - Squad 7 - Slot 3, 6, 7, 2
Company 6 - Battle Brother - Squad 7 - Slot 4, 6, 7, 3
Company 6 - Battle Brother - Squad 7 - Slot 5, 6, 7, 4
Company 6 - Battle Brother - Squad 7 - Slot 6, 6, 7, 5
Company 6 - Battle Brother - Squad 7 - Slot 7, 6, 7, 6
Company 6 - Battle Brother - Squad 7 - Slot 8, 6, 7, 7
Company 6 - Battle Brother - Squad 7 - Slot 9, 6, 7, 8
Company 6 - Battle Brother - Squad 7 - Slot 10, 6, 7, 9
Company 6 - UNUSED - Squad 7 - Slot 11, 6, 7, 10
Company 6 - UNUSED - Squad 7 - Slot 12, 6, 7, 11
Company 6 - Sergeant - Squad 8 - Slot 1, 6, 8, 0
Company 6 - Bond-Keeper - Squad 8 - Slot 2, 6, 8, 1
Company 6 - Battle Brother - Squad 8 - Slot 3, 6, 8, 2
Company 6 - Battle Brother - Squad 8 - Slot 4, 6, 8, 3
Company 6 - Battle Brother - Squad 8 - Slot 5, 6, 8, 4
Company 6 - Battle Brother - Squad 8 - Slot 6, 6, 8, 5
Company 6 - Battle Brother - Squad 8 - Slot 7, 6, 8, 6
Company 6 - Battle Brother - Squad 8 - Slot 8, 6, 8, 7
Company 6 - Battle Brother - Squad 8 - Slot 9, 6, 8, 8
Company 6 - Battle Brother - Squad 8 - Slot 10, 6, 8, 9
Company 6 - UNUSED - Squad 8 - Slot 11, 6, 8, 10
Company 6 - UNUSED - Squad 8 - Slot 12, 6, 8, 11
Company 6 - Sergeant - Squad 9 - Slot 1, 6, 9, 0
Company 6 - Bond-Keeper - Squad 9 - Slot 2, 6, 9, 1
Company 6 - Battle Brother - Squad 9 - Slot 3, 6, 9, 2
Company 6 - Battle Brother - Squad 9 - Slot 4, 6, 9, 3
Company 6 - Battle Brother - Squad 9 - Slot 5, 6, 9, 4
Company 6 - Battle Brother - Squad 9 - Slot 6, 6, 9, 5
Company 6 - Battle Brother - Squad 9 - Slot 7, 6, 9, 6
Company 6 - Battle Brother - Squad 9 - Slot 8, 6, 9, 7
Company 6 - Battle Brother - Squad 9 - Slot 9, 6, 9, 8
Company 6 - Battle Brother - Squad 9 - Slot 10, 6, 9, 9
Company 6 - UNUSED - Squad 9 - Slot 11, 6, 9, 10
Company 6 - UNUSED - Squad 9 - Slot 12, 6, 9, 11
Company 6 - Sergeant - Squad 10 - Slot 1, 6, 10, 0
Company 6 - Bond-Keeper - Squad 10 - Slot 2, 6, 10, 1
Company 6 - Battle Brother - Squad 10 - Slot 3, 6, 10, 2
Company 6 - Battle Brother - Squad 10 - Slot 4, 6, 10, 3
Company 6 - Battle Brother - Squad 10 - Slot 5, 6, 10, 4
Company 6 - Battle Brother - Squad 10 - Slot 6, 6, 10, 5
Company 6 - Battle Brother - Squad 10 - Slot 7, 6, 10, 6
Company 6 - Battle Brother - Squad 10 - Slot 8, 6, 10, 7
Company 6 - Battle Brother - Squad 10 - Slot 9, 6, 10, 8
Company 6 - Battle Brother - Squad 10 - Slot 10, 6, 10, 9
Company 6 - UNUSED - Squad 10 - Slot 11, 6, 10, 10
Company 6 - UNUSED - Squad 10 - Slot 12, 6, 10, 11
Company 7 - Captain - Squad 0 - Slot 1, 7, 0, 0
Company 7 - Standard Bearer - Squad 0 - Slot 2, 7, 0, 1
Company 7 - Apothecary - Squad 0 - Slot 3, 7, 0, 2
Company 7 - Chaplain - Squad 0 - Slot 4, 7, 0, 3
Company 7 - Null-Warden - Squad 0 - Slot 5, 7, 0, 4
Company 7 - Lieutenant - Squad 0 - Slot 6, 7, 0, 5
Company 7 - Lieutenant - Squad 0 - Slot 7, 7, 0, 6
Company 7 - UNUSED - Squad 0 - Slot 8, 7, 0, 7
Company 7 - UNUSED - Squad 0 - Slot 9, 7, 0, 8
Company 7 - UNUSED - Squad 0 - Slot 10, 7, 0, 9
Company 7 - UNUSED - Squad 0 - Slot 11, 7, 0, 10
Company 7 - UNUSED - Squad 0 - Slot 12, 7, 0, 11
Company 7 - Sergeant - Squad 1 - Slot 1, 7, 1, 0
Company 7 - Bond-Keeper - Squad 1 - Slot 2, 7, 1, 1
Company 7 - Battle Brother - Squad 1 - Slot 3, 7, 1, 2
Company 7 - Battle Brother - Squad 1 - Slot 4, 7, 1, 3
Company 7 - Battle Brother - Squad 1 - Slot 5, 7, 1, 4
Company 7 - Battle Brother - Squad 1 - Slot 6, 7, 1, 5
Company 7 - Battle Brother - Squad 1 - Slot 7, 7, 1, 6
Company 7 - Battle Brother - Squad 1 - Slot 8, 7, 1, 7
Company 7 - Battle Brother - Squad 1 - Slot 9, 7, 1, 8
Company 7 - Dreadnought - Squad 1 - Slot 10, 7, 1, 9
Company 7 - UNUSED - Squad 1 - Slot 11, 7, 1, 10
Company 7 - UNUSED - Squad 1 - Slot 12, 7, 1, 11
Company 7 - Sergeant - Squad 2 - Slot 1, 7, 2, 0
Company 7 - Bond-Keeper - Squad 2 - Slot 2, 7, 2, 1
Company 7 - Battle Brother - Squad 2 - Slot 3, 7, 2, 2
Company 7 - Battle Brother - Squad 2 - Slot 4, 7, 2, 3
Company 7 - Battle Brother - Squad 2 - Slot 5, 7, 2, 4
Company 7 - Battle Brother - Squad 2 - Slot 6, 7, 2, 5
Company 7 - Battle Brother - Squad 2 - Slot 7, 7, 2, 6
Company 7 - Battle Brother - Squad 2 - Slot 8, 7, 2, 7
Company 7 - Battle Brother - Squad 2 - Slot 9, 7, 2, 8
Company 7 - Battle Brother - Squad 2 - Slot 10, 7, 2, 9
Company 7 - UNUSED - Squad 2 - Slot 11, 7, 2, 10
Company 7 - UNUSED - Squad 2 - Slot 12, 7, 2, 11
Company 7 - Sergeant - Squad 3 - Slot 1, 7, 3, 0
Company 7 - Bond-Keeper - Squad 3 - Slot 2, 7, 3, 1
Company 7 - Battle Brother - Squad 3 - Slot 3, 7, 3, 2
Company 7 - Battle Brother - Squad 3 - Slot 4, 7, 3, 3
Company 7 - Battle Brother - Squad 3 - Slot 5, 7, 3, 4
Company 7 - Battle Brother - Squad 3 - Slot 6, 7, 3, 5
Company 7 - Battle Brother - Squad 3 - Slot 7, 7, 3, 6
Company 7 - Battle Brother - Squad 3 - Slot 8, 7, 3, 7
Company 7 - Battle Brother - Squad 3 - Slot 9, 7, 3, 8
Company 7 - Battle Brother - Squad 3 - Slot 10, 7, 3, 9
Company 7 - UNUSED - Squad 3 - Slot 11, 7, 3, 10
Company 7 - UNUSED - Squad 3 - Slot 12, 7, 3, 11
Company 7 - Sergeant - Squad 4 - Slot 1, 7, 4, 0
Company 7 - Bond-Keeper - Squad 4 - Slot 2, 7, 4, 1
Company 7 - Battle Brother - Squad 4 - Slot 3, 7, 4, 2
Company 7 - Battle Brother - Squad 4 - Slot 4, 7, 4, 3
Company 7 - Battle Brother - Squad 4 - Slot 5, 7, 4, 4
Company 7 - Battle Brother - Squad 4 - Slot 6, 7, 4, 5
Company 7 - Battle Brother - Squad 4 - Slot 7, 7, 4, 6
Company 7 - Battle Brother - Squad 4 - Slot 8, 7, 4, 7
Company 7 - Battle Brother - Squad 4 - Slot 9, 7, 4, 8
Company 7 - Battle Brother - Squad 4 - Slot 10, 7, 4, 9
Company 7 - UNUSED - Squad 4 - Slot 11, 7, 4, 10
Company 7 - UNUSED - Squad 4 - Slot 12, 7, 4, 11
Company 7 - Sergeant - Squad 5 - Slot 1, 7, 5, 0
Company 7 - Bond-Keeper - Squad 5 - Slot 2, 7, 5, 1
Company 7 - Battle Brother - Squad 5 - Slot 3, 7, 5, 2
Company 7 - Battle Brother - Squad 5 - Slot 4, 7, 5, 3
Company 7 - Battle Brother - Squad 5 - Slot 5, 7, 5, 4
Company 7 - Battle Brother - Squad 5 - Slot 6, 7, 5, 5
Company 7 - Battle Brother - Squad 5 - Slot 7, 7, 5, 6
Company 7 - Battle Brother - Squad 5 - Slot 8, 7, 5, 7
Company 7 - Battle Brother - Squad 5 - Slot 9, 7, 5, 8
Company 7 - Battle Brother - Squad 5 - Slot 10, 7, 5, 9
Company 7 - UNUSED - Squad 5 - Slot 11, 7, 5, 10
Company 7 - UNUSED - Squad 5 - Slot 12, 7, 5, 11
Company 7 - Sergeant - Squad 6 - Slot 1, 7, 6, 0
Company 7 - Bond-Keeper - Squad 6 - Slot 2, 7, 6, 1
Company 7 - Battle Brother - Squad 6 - Slot 3, 7, 6, 2
Company 7 - Battle Brother - Squad 6 - Slot 4, 7, 6, 3
Company 7 - Battle Brother - Squad 6 - Slot 5, 7, 6, 4
Company 7 - Battle Brother - Squad 6 - Slot 6, 7, 6, 5
Company 7 - Battle Brother - Squad 6 - Slot 7, 7, 6, 6
Company 7 - Battle Brother - Squad 6 - Slot 8, 7, 6, 7
Company 7 - Battle Brother - Squad 6 - Slot 9, 7, 6, 8
Company 7 - Battle Brother - Squad 6 - Slot 10, 7, 6, 9
Company 7 - UNUSED - Squad 6 - Slot 11, 7, 6, 10
Company 7 - UNUSED - Squad 6 - Slot 12, 7, 6, 11
Company 7 - Sergeant - Squad 7 - Slot 1, 7, 7, 0
Company 7 - Bond-Keeper - Squad 7 - Slot 2, 7, 7, 1
Company 7 - Battle Brother - Squad 7 - Slot 3, 7, 7, 2
Company 7 - Battle Brother - Squad 7 - Slot 4, 7, 7, 3
Company 7 - Battle Brother - Squad 7 - Slot 5, 7, 7, 4
Company 7 - Battle Brother - Squad 7 - Slot 6, 7, 7, 5
Company 7 - Battle Brother - Squad 7 - Slot 7, 7, 7, 6
Company 7 - Battle Brother - Squad 7 - Slot 8, 7, 7, 7
Company 7 - Battle Brother - Squad 7 - Slot 9, 7, 7, 8
Company 7 - Battle Brother - Squad 7 - Slot 10, 7, 7, 9
Company 7 - UNUSED - Squad 7 - Slot 11, 7, 7, 10
Company 7 - UNUSED - Squad 7 - Slot 12, 7, 7, 11
Company 7 - Sergeant - Squad 8 - Slot 1, 7, 8, 0
Company 7 - Bond-Keeper - Squad 8 - Slot 2, 7, 8, 1
Company 7 - Battle Brother - Squad 8 - Slot 3, 7, 8, 2
Company 7 - Battle Brother - Squad 8 - Slot 4, 7, 8, 3
Company 7 - Battle Brother - Squad 8 - Slot 5, 7, 8, 4
Company 7 - Battle Brother - Squad 8 - Slot 6, 7, 8, 5
Company 7 - Battle Brother - Squad 8 - Slot 7, 7, 8, 6
Company 7 - Battle Brother - Squad 8 - Slot 8, 7, 8, 7
Company 7 - Battle Brother - Squad 8 - Slot 9, 7, 8, 8
Company 7 - Battle Brother - Squad 8 - Slot 10, 7, 8, 9
Company 7 - UNUSED - Squad 8 - Slot 11, 7, 8, 10
Company 7 - UNUSED - Squad 8 - Slot 12, 7, 8, 11
Company 7 - Sergeant - Squad 9 - Slot 1, 7, 9, 0
Company 7 - Bond-Keeper - Squad 9 - Slot 2, 7, 9, 1
Company 7 - Battle Brother - Squad 9 - Slot 3, 7, 9, 2
Company 7 - Battle Brother - Squad 9 - Slot 4, 7, 9, 3
Company 7 - Battle Brother - Squad 9 - Slot 5, 7, 9, 4
Company 7 - Battle Brother - Squad 9 - Slot 6, 7, 9, 5
Company 7 - Battle Brother - Squad 9 - Slot 7, 7, 9, 6
Company 7 - Battle Brother - Squad 9 - Slot 8, 7, 9, 7
Company 7 - Battle Brother - Squad 9 - Slot 9, 7, 9, 8
Company 7 - Battle Brother - Squad 9 - Slot 10, 7, 9, 9
Company 7 - UNUSED - Squad 9 - Slot 11, 7, 9, 10
Company 7 - UNUSED - Squad 9 - Slot 12, 7, 9, 11
Company 7 - Sergeant - Squad 10 - Slot 1, 7, 10, 0
Company 7 - Bond-Keeper - Squad 10 - Slot 2, 7, 10, 1
Company 7 - Battle Brother - Squad 10 - Slot 3, 7, 10, 2
Company 7 - Battle Brother - Squad 10 - Slot 4, 7, 10, 3
Company 7 - Battle Brother - Squad 10 - Slot 5, 7, 10, 4
Company 7 - Battle Brother - Squad 10 - Slot 6, 7, 10, 5
Company 7 - Battle Brother - Squad 10 - Slot 7, 7, 10, 6
Company 7 - Battle Brother - Squad 10 - Slot 8, 7, 10, 7
Company 7 - Battle Brother - Squad 10 - Slot 9, 7, 10, 8
Company 7 - Battle Brother - Squad 10 - Slot 10, 7, 10, 9
Company 7 - UNUSED - Squad 10 - Slot 11, 7, 10, 10
Company 7 - UNUSED - Squad 10 - Slot 12, 7, 10, 11
Company 8 - Captain - Squad 0 - Slot 1, 8, 0, 0
Company 8 - Standard Bearer - Squad 0 - Slot 2, 8, 0, 1
Company 8 - Apothecary - Squad 0 - Slot 3, 8, 0, 2
Company 8 - Chaplain - Squad 0 - Slot 4, 8, 0, 3
Company 8 - Null-Warden - Squad 0 - Slot 5, 8, 0, 4
Company 8 - Lieutenant - Squad 0 - Slot 6, 8, 0, 5
Company 8 - Lieutenant - Squad 0 - Slot 7, 8, 0, 6
Company 8 - UNUSED - Squad 0 - Slot 8, 8, 0, 7
Company 8 - UNUSED - Squad 0 - Slot 9, 8, 0, 8
Company 8 - UNUSED - Squad 0 - Slot 10, 8, 0, 9
Company 8 - UNUSED - Squad 0 - Slot 11, 8, 0, 10
Company 8 - UNUSED - Squad 0 - Slot 12, 8, 0, 11
Company 8 - Sergeant - Squad 1 - Slot 1, 8, 1, 0
Company 8 - Bond-Keeper - Squad 1 - Slot 2, 8, 1, 1
Company 8 - Battle Brother - Squad 1 - Slot 3, 8, 1, 2
Company 8 - Battle Brother - Squad 1 - Slot 4, 8, 1, 3
Company 8 - Battle Brother - Squad 1 - Slot 5, 8, 1, 4
Company 8 - Battle Brother - Squad 1 - Slot 6, 8, 1, 5
Company 8 - Battle Brother - Squad 1 - Slot 7, 8, 1, 6
Company 8 - Battle Brother - Squad 1 - Slot 8, 8, 1, 7
Company 8 - Battle Brother - Squad 1 - Slot 9, 8, 1, 8
Company 8 - Dreadnought - Squad 1 - Slot 10, 8, 1, 9
Company 8 - UNUSED - Squad 1 - Slot 11, 8, 1, 10
Company 8 - UNUSED - Squad 1 - Slot 12, 8, 1, 11
Company 8 - Sergeant - Squad 2 - Slot 1, 8, 2, 0
Company 8 - Bond-Keeper - Squad 2 - Slot 2, 8, 2, 1
Company 8 - Battle Brother - Squad 2 - Slot 3, 8, 2, 2
Company 8 - Battle Brother - Squad 2 - Slot 4, 8, 2, 3
Company 8 - Battle Brother - Squad 2 - Slot 5, 8, 2, 4
Company 8 - Battle Brother - Squad 2 - Slot 6, 8, 2, 5
Company 8 - Battle Brother - Squad 2 - Slot 7, 8, 2, 6
Company 8 - Battle Brother - Squad 2 - Slot 8, 8, 2, 7
Company 8 - Battle Brother - Squad 2 - Slot 9, 8, 2, 8
Company 8 - Battle Brother - Squad 2 - Slot 10, 8, 2, 9
Company 8 - UNUSED - Squad 2 - Slot 11, 8, 2, 10
Company 8 - UNUSED - Squad 2 - Slot 12, 8, 2, 11
Company 8 - Sergeant - Squad 3 - Slot 1, 8, 3, 0
Company 8 - Bond-Keeper - Squad 3 - Slot 2, 8, 3, 1
Company 8 - Battle Brother - Squad 3 - Slot 3, 8, 3, 2
Company 8 - Battle Brother - Squad 3 - Slot 4, 8, 3, 3
Company 8 - Battle Brother - Squad 3 - Slot 5, 8, 3, 4
Company 8 - Battle Brother - Squad 3 - Slot 6, 8, 3, 5
Company 8 - Battle Brother - Squad 3 - Slot 7, 8, 3, 6
Company 8 - Battle Brother - Squad 3 - Slot 8, 8, 3, 7
Company 8 - Battle Brother - Squad 3 - Slot 9, 8, 3, 8
Company 8 - Battle Brother - Squad 3 - Slot 10, 8, 3, 9
Company 8 - UNUSED - Squad 3 - Slot 11, 8, 3, 10
Company 8 - UNUSED - Squad 3 - Slot 12, 8, 3, 11
Company 8 - Sergeant - Squad 4 - Slot 1, 8, 4, 0
Company 8 - Bond-Keeper - Squad 4 - Slot 2, 8, 4, 1
Company 8 - Battle Brother - Squad 4 - Slot 3, 8, 4, 2
Company 8 - Battle Brother - Squad 4 - Slot 4, 8, 4, 3
Company 8 - Battle Brother - Squad 4 - Slot 5, 8, 4, 4
Company 8 - Battle Brother - Squad 4 - Slot 6, 8, 4, 5
Company 8 - Battle Brother - Squad 4 - Slot 7, 8, 4, 6
Company 8 - Battle Brother - Squad 4 - Slot 8, 8, 4, 7
Company 8 - Battle Brother - Squad 4 - Slot 9, 8, 4, 8
Company 8 - Battle Brother - Squad 4 - Slot 10, 8, 4, 9
Company 8 - UNUSED - Squad 4 - Slot 11, 8, 4, 10
Company 8 - UNUSED - Squad 4 - Slot 12, 8, 4, 11
Company 8 - Sergeant - Squad 5 - Slot 1, 8, 5, 0
Company 8 - Bond-Keeper - Squad 5 - Slot 2, 8, 5, 1
Company 8 - Battle Brother - Squad 5 - Slot 3, 8, 5, 2
Company 8 - Battle Brother - Squad 5 - Slot 4, 8, 5, 3
Company 8 - Battle Brother - Squad 5 - Slot 5, 8, 5, 4
Company 8 - Battle Brother - Squad 5 - Slot 6, 8, 5, 5
Company 8 - Battle Brother - Squad 5 - Slot 7, 8, 5, 6
Company 8 - Battle Brother - Squad 5 - Slot 8, 8, 5, 7
Company 8 - Battle Brother - Squad 5 - Slot 9, 8, 5, 8
Company 8 - Battle Brother - Squad 5 - Slot 10, 8, 5, 9
Company 8 - UNUSED - Squad 5 - Slot 11, 8, 5, 10
Company 8 - UNUSED - Squad 5 - Slot 12, 8, 5, 11
Company 8 - Sergeant - Squad 6 - Slot 1, 8, 6, 0
Company 8 - Bond-Keeper - Squad 6 - Slot 2, 8, 6, 1
Company 8 - Battle Brother - Squad 6 - Slot 3, 8, 6, 2
Company 8 - Battle Brother - Squad 6 - Slot 4, 8, 6, 3
Company 8 - Battle Brother - Squad 6 - Slot 5, 8, 6, 4
Company 8 - Battle Brother - Squad 6 - Slot 6, 8, 6, 5
Company 8 - Battle Brother - Squad 6 - Slot 7, 8, 6, 6
Company 8 - Battle Brother - Squad 6 - Slot 8, 8, 6, 7
Company 8 - Battle Brother - Squad 6 - Slot 9, 8, 6, 8
Company 8 - Battle Brother - Squad 6 - Slot 10, 8, 6, 9
Company 8 - UNUSED - Squad 6 - Slot 11, 8, 6, 10
Company 8 - UNUSED - Squad 6 - Slot 12, 8, 6, 11
Company 8 - Sergeant - Squad 7 - Slot 1, 8, 7, 0
Company 8 - Bond-Keeper - Squad 7 - Slot 2, 8, 7, 1
Company 8 - Battle Brother - Squad 7 - Slot 3, 8, 7, 2
Company 8 - Battle Brother - Squad 7 - Slot 4, 8, 7, 3
Company 8 - Battle Brother - Squad 7 - Slot 5, 8, 7, 4
Company 8 - Battle Brother - Squad 7 - Slot 6, 8, 7, 5
Company 8 - Battle Brother - Squad 7 - Slot 7, 8, 7, 6
Company 8 - Battle Brother - Squad 7 - Slot 8, 8, 7, 7
Company 8 - Battle Brother - Squad 7 - Slot 9, 8, 7, 8
Company 8 - Battle Brother - Squad 7 - Slot 10, 8, 7, 9
Company 8 - UNUSED - Squad 7 - Slot 11, 8, 7, 10
Company 8 - UNUSED - Squad 7 - Slot 12, 8, 7, 11
Company 8 - Sergeant - Squad 8 - Slot 1, 8, 8, 0
Company 8 - Bond-Keeper - Squad 8 - Slot 2, 8, 8, 1
Company 8 - Battle Brother - Squad 8 - Slot 3, 8, 8, 2
Company 8 - Battle Brother - Squad 8 - Slot 4, 8, 8, 3
Company 8 - Battle Brother - Squad 8 - Slot 5, 8, 8, 4
Company 8 - Battle Brother - Squad 8 - Slot 6, 8, 8, 5
Company 8 - Battle Brother - Squad 8 - Slot 7, 8, 8, 6
Company 8 - Battle Brother - Squad 8 - Slot 8, 8, 8, 7
Company 8 - Battle Brother - Squad 8 - Slot 9, 8, 8, 8
Company 8 - Battle Brother - Squad 8 - Slot 10, 8, 8, 9
Company 8 - UNUSED - Squad 8 - Slot 11, 8, 8, 10
Company 8 - UNUSED - Squad 8 - Slot 12, 8, 8, 11
Company 8 - Sergeant - Squad 9 - Slot 1, 8, 9, 0
Company 8 - Bond-Keeper - Squad 9 - Slot 2, 8, 9, 1
Company 8 - Battle Brother - Squad 9 - Slot 3, 8, 9, 2
Company 8 - Battle Brother - Squad 9 - Slot 4, 8, 9, 3
Company 8 - Battle Brother - Squad 9 - Slot 5, 8, 9, 4
Company 8 - Battle Brother - Squad 9 - Slot 6, 8, 9, 5
Company 8 - Battle Brother - Squad 9 - Slot 7, 8, 9, 6
Company 8 - Battle Brother - Squad 9 - Slot 8, 8, 9, 7
Company 8 - Battle Brother - Squad 9 - Slot 9, 8, 9, 8
Company 8 - Battle Brother - Squad 9 - Slot 10, 8, 9, 9
Company 8 - UNUSED - Squad 9 - Slot 11, 8, 9, 10
Company 8 - UNUSED - Squad 9 - Slot 12, 8, 9, 11
Company 8 - Sergeant - Squad 10 - Slot 1, 8, 10, 0
Company 8 - Bond-Keeper - Squad 10 - Slot 2, 8, 10, 1
Company 8 - Battle Brother - Squad 10 - Slot 3, 8, 10, 2
Company 8 - Battle Brother - Squad 10 - Slot 4, 8, 10, 3
Company 8 - Battle Brother - Squad 10 - Slot 5, 8, 10, 4
Company 8 - Battle Brother - Squad 10 - Slot 6, 8, 10, 5
Company 8 - Battle Brother - Squad 10 - Slot 7, 8, 10, 6
Company 8 - Battle Brother - Squad 10 - Slot 8, 8, 10, 7
Company 8 - Battle Brother - Squad 10 - Slot 9, 8, 10, 8
Company 8 - Battle Brother - Squad 10 - Slot 10, 8, 10, 9
Company 8 - UNUSED - Squad 10 - Slot 11, 8, 10, 10
Company 8 - UNUSED - Squad 10 - Slot 12, 8, 10, 11
Company 9 - Captain - Squad 0 - Slot 1, 9, 0, 0
Company 9 - Standard Bearer - Squad 0 - Slot 2, 9, 0, 1
Company 9 - Apothecary - Squad 0 - Slot 3, 9, 0, 2
Company 9 - Chaplain - Squad 0 - Slot 4, 9, 0, 3
Company 9 - Null-Warden - Squad 0 - Slot 5, 9, 0, 4
Company 9 - Lieutenant - Squad 0 - Slot 6, 9, 0, 5
Company 9 - Lieutenant - Squad 0 - Slot 7, 9, 0, 6
Company 9 - UNUSED - Squad 0 - Slot 8, 9, 0, 7
Company 9 - UNUSED - Squad 0 - Slot 9, 9, 0, 8
Company 9 - UNUSED - Squad 0 - Slot 10, 9, 0, 9
Company 9 - UNUSED - Squad 0 - Slot 11, 9, 0, 10
Company 9 - UNUSED - Squad 0 - Slot 12, 9, 0, 11
Company 9 - Sergeant - Squad 1 - Slot 1, 9, 1, 0
Company 9 - Bond-Keeper - Squad 1 - Slot 2, 9, 1, 1
Company 9 - Battle Brother - Squad 1 - Slot 3, 9, 1, 2
Company 9 - Battle Brother - Squad 1 - Slot 4, 9, 1, 3
Company 9 - Battle Brother - Squad 1 - Slot 5, 9, 1, 4
Company 9 - Battle Brother - Squad 1 - Slot 6, 9, 1, 5
Company 9 - Battle Brother - Squad 1 - Slot 7, 9, 1, 6
Company 9 - Battle Brother - Squad 1 - Slot 8, 9, 1, 7
Company 9 - Battle Brother - Squad 1 - Slot 9, 9, 1, 8
Company 9 - Battle Brother - Squad 1 - Slot 10, 9, 1, 9
Company 9 - UNUSED - Squad 1 - Slot 11, 9, 1, 10
Company 9 - UNUSED - Squad 1 - Slot 12, 9, 1, 11
Company 9 - Sergeant - Squad 2 - Slot 1, 9, 2, 0
Company 9 - Bond-Keeper - Squad 2 - Slot 2, 9, 2, 1
Company 9 - Battle Brother - Squad 2 - Slot 3, 9, 2, 2
Company 9 - Battle Brother - Squad 2 - Slot 4, 9, 2, 3
Company 9 - Battle Brother - Squad 2 - Slot 5, 9, 2, 4
Company 9 - Battle Brother - Squad 2 - Slot 6, 9, 2, 5
Company 9 - Battle Brother - Squad 2 - Slot 7, 9, 2, 6
Company 9 - Battle Brother - Squad 2 - Slot 8, 9, 2, 7
Company 9 - Battle Brother - Squad 2 - Slot 9, 9, 2, 8
Company 9 - Battle Brother - Squad 2 - Slot 10, 9, 2, 9
Company 9 - UNUSED - Squad 2 - Slot 11, 9, 2, 10
Company 9 - UNUSED - Squad 2 - Slot 12, 9, 2, 11
Company 9 - Sergeant - Squad 3 - Slot 1, 9, 3, 0
Company 9 - Bond-Keeper - Squad 3 - Slot 2, 9, 3, 1
Company 9 - Battle Brother - Squad 3 - Slot 3, 9, 3, 2
Company 9 - Battle Brother - Squad 3 - Slot 4, 9, 3, 3
Company 9 - Battle Brother - Squad 3 - Slot 5, 9, 3, 4
Company 9 - Battle Brother - Squad 3 - Slot 6, 9, 3, 5
Company 9 - Battle Brother - Squad 3 - Slot 7, 9, 3, 6
Company 9 - Battle Brother - Squad 3 - Slot 8, 9, 3, 7
Company 9 - Battle Brother - Squad 3 - Slot 9, 9, 3, 8
Company 9 - Dreadnought - Squad 3 - Slot 10, 9, 3, 9
Company 9 - UNUSED - Squad 3 - Slot 11, 9, 3, 10
Company 9 - UNUSED - Squad 3 - Slot 12, 9, 3, 11
Company 9 - Sergeant - Squad 4 - Slot 1, 9, 4, 0
Company 9 - Bond-Keeper - Squad 4 - Slot 2, 9, 4, 1
Company 9 - Battle Brother - Squad 4 - Slot 3, 9, 4, 2
Company 9 - Battle Brother - Squad 4 - Slot 4, 9, 4, 3
Company 9 - Battle Brother - Squad 4 - Slot 5, 9, 4, 4
Company 9 - Battle Brother - Squad 4 - Slot 6, 9, 4, 5
Company 9 - Battle Brother - Squad 4 - Slot 7, 9, 4, 6
Company 9 - Battle Brother - Squad 4 - Slot 8, 9, 4, 7
Company 9 - Battle Brother - Squad 4 - Slot 9, 9, 4, 8
Company 9 - Dreadnought - Squad 4 - Slot 10, 9, 4, 9
Company 9 - UNUSED - Squad 4 - Slot 11, 9, 4, 10
Company 9 - UNUSED - Squad 4 - Slot 12, 9, 4, 11
Company 9 - Sergeant - Squad 5 - Slot 1, 9, 5, 0
Company 9 - Bond-Keeper - Squad 5 - Slot 2, 9, 5, 1
Company 9 - Battle Brother - Squad 5 - Slot 3, 9, 5, 2
Company 9 - Battle Brother - Squad 5 - Slot 4, 9, 5, 3
Company 9 - Battle Brother - Squad 5 - Slot 5, 9, 5, 4
Company 9 - Battle Brother - Squad 5 - Slot 6, 9, 5, 5
Company 9 - Battle Brother - Squad 5 - Slot 7, 9, 5, 6
Company 9 - Battle Brother - Squad 5 - Slot 8, 9, 5, 7
Company 9 - Battle Brother - Squad 5 - Slot 9, 9, 5, 8
Company 9 - Battle Brother - Squad 5 - Slot 10, 9, 5, 9
Company 9 - UNUSED - Squad 5 - Slot 11, 9, 5, 10
Company 9 - UNUSED - Squad 5 - Slot 12, 9, 5, 11
Company 9 - Sergeant - Squad 6 - Slot 1, 9, 6, 0
Company 9 - Bond-Keeper - Squad 6 - Slot 2, 9, 6, 1
Company 9 - Battle Brother - Squad 6 - Slot 3, 9, 6, 2
Company 9 - Battle Brother - Squad 6 - Slot 4, 9, 6, 3
Company 9 - Battle Brother - Squad 6 - Slot 5, 9, 6, 4
Company 9 - Battle Brother - Squad 6 - Slot 6, 9, 6, 5
Company 9 - Battle Brother - Squad 6 - Slot 7, 9, 6, 6
Company 9 - Battle Brother - Squad 6 - Slot 8, 9, 6, 7
Company 9 - Battle Brother - Squad 6 - Slot 9, 9, 6, 8
Company 9 - Battle Brother - Squad 6 - Slot 10, 9, 6, 9
Company 9 - UNUSED - Squad 6 - Slot 11, 9, 6, 10
Company 9 - UNUSED - Squad 6 - Slot 12, 9, 6, 11
Company 9 - Sergeant - Squad 7 - Slot 1, 9, 7, 0
Company 9 - Bond-Keeper - Squad 7 - Slot 2, 9, 7, 1
Company 9 - Battle Brother - Squad 7 - Slot 3, 9, 7, 2
Company 9 - Battle Brother - Squad 7 - Slot 4, 9, 7, 3
Company 9 - Battle Brother - Squad 7 - Slot 5, 9, 7, 4
Company 9 - Battle Brother - Squad 7 - Slot 6, 9, 7, 5
Company 9 - Battle Brother - Squad 7 - Slot 7, 9, 7, 6
Company 9 - Battle Brother - Squad 7 - Slot 8, 9, 7, 7
Company 9 - Battle Brother - Squad 7 - Slot 9, 9, 7, 8
Company 9 - Battle Brother - Squad 7 - Slot 10, 9, 7, 9
Company 9 - UNUSED - Squad 7 - Slot 11, 9, 7, 10
Company 9 - UNUSED - Squad 7 - Slot 12, 9, 7, 11
Company 9 - Sergeant - Squad 8 - Slot 1, 9, 8, 0
Company 9 - Bond-Keeper - Squad 8 - Slot 2, 9, 8, 1
Company 9 - Battle Brother - Squad 8 - Slot 3, 9, 8, 2
Company 9 - Battle Brother - Squad 8 - Slot 4, 9, 8, 3
Company 9 - Battle Brother - Squad 8 - Slot 5, 9, 8, 4
Company 9 - Battle Brother - Squad 8 - Slot 6, 9, 8, 5
Company 9 - Battle Brother - Squad 8 - Slot 7, 9, 8, 6
Company 9 - Battle Brother - Squad 8 - Slot 8, 9, 8, 7
Company 9 - Battle Brother - Squad 8 - Slot 9, 9, 8, 8
Company 9 - Battle Brother - Squad 8 - Slot 10, 9, 8, 9
Company 9 - UNUSED - Squad 8 - Slot 11, 9, 8, 10
Company 9 - UNUSED - Squad 8 - Slot 12, 9, 8, 11
Company 9 - Sergeant - Squad 9 - Slot 1, 9, 9, 0
Company 9 - Bond-Keeper - Squad 9 - Slot 2, 9, 9, 1
Company 9 - Battle Brother - Squad 9 - Slot 3, 9, 9, 2
Company 9 - Battle Brother - Squad 9 - Slot 4, 9, 9, 3
Company 9 - Battle Brother - Squad 9 - Slot 5, 9, 9, 4
Company 9 - Battle Brother - Squad 9 - Slot 6, 9, 9, 5
Company 9 - Battle Brother - Squad 9 - Slot 7, 9, 9, 6
Company 9 - Battle Brother - Squad 9 - Slot 8, 9, 9, 7
Company 9 - Battle Brother - Squad 9 - Slot 9, 9, 9, 8
Company 9 - Battle Brother - Squad 9 - Slot 10, 9, 9, 9
Company 9 - UNUSED - Squad 9 - Slot 11, 9, 9, 10
Company 9 - UNUSED - Squad 9 - Slot 12, 9, 9, 11
Company 9 - Sergeant - Squad 10 - Slot 1, 9, 10, 0
Company 9 - Bond-Keeper - Squad 10 - Slot 2, 9, 10, 1
Company 9 - Battle Brother - Squad 10 - Slot 3, 9, 10, 2
Company 9 - Battle Brother - Squad 10 - Slot 4, 9, 10, 3
Company 9 - Battle Brother - Squad 10 - Slot 5, 9, 10, 4
Company 9 - Battle Brother - Squad 10 - Slot 6, 9, 10, 5
Company 9 - Battle Brother - Squad 10 - Slot 7, 9, 10, 6
Company 9 - Battle Brother - Squad 10 - Slot 8, 9, 10, 7
Company 9 - Battle Brother - Squad 10 - Slot 9, 9, 10, 8
Company 9 - Battle Brother - Squad 10 - Slot 10, 9, 10, 9
Company 9 - UNUSED - Squad 10 - Slot 11, 9, 10, 10
Company 9 - UNUSED - Squad 10 - Slot 12, 9, 10, 11
Company 10 - Captain - Squad 0 - Slot 1, 10, 0, 0
Company 10 - Standard Bearer - Squad 0 - Slot 2, 10, 0, 1
Company 10 - Apothecary - Squad 0 - Slot 3, 10, 0, 2
Company 10 - Chaplain - Squad 0 - Slot 4, 10, 0, 3
Company 10 - Null-Warden - Squad 0 - Slot 5, 10, 0, 4
Company 10 - Lieutenant - Squad 0 - Slot 6, 10, 0, 5
Company 10 - Lieutenant - Squad 0 - Slot 7, 10, 0, 6
Company 10 - UNUSED - Squad 0 - Slot 8, 10, 0, 7
Company 10 - UNUSED - Squad 0 - Slot 9, 10, 0, 8
Company 10 - UNUSED - Squad 0 - Slot 10, 10, 0, 9
Company 10 - UNUSED - Squad 0 - Slot 11, 10, 0, 10
Company 10 - UNUSED - Squad 0 - Slot 12, 10, 0, 11
Company 10 - Sergeant - Squad 1 - Slot 1, 10, 1, 0
Company 10 - Neophyte - Squad 1 - Slot 2, 10, 1, 1
Company 10 - Neophyte - Squad 1 - Slot 3, 10, 1, 2
Company 10 - Neophyte - Squad 1 - Slot 4, 10, 1, 3
Company 10 - Neophyte - Squad 1 - Slot 5, 10, 1, 4
Company 10 - Neophyte - Squad 1 - Slot 6, 10, 1, 5
Company 10 - Neophyte - Squad 1 - Slot 7, 10, 1, 6
Company 10 - Neophyte - Squad 1 - Slot 8, 10, 1, 7
Company 10 - Neophyte - Squad 1 - Slot 9, 10, 1, 8
Company 10 - Neophyte - Squad 1 - Slot 10, 10, 1, 9
Company 10 - UNUSED - Squad 1 - Slot 11, 10, 1, 10
Company 10 - UNUSED - Squad 1 - Slot 12, 10, 1, 11
Company 10 - Sergeant - Squad 2 - Slot 1, 10, 2, 0
Company 10 - Neophyte - Squad 2 - Slot 2, 10, 2, 1
Company 10 - Neophyte - Squad 2 - Slot 3, 10, 2, 2
Company 10 - Neophyte - Squad 2 - Slot 4, 10, 2, 3
Company 10 - Neophyte - Squad 2 - Slot 5, 10, 2, 4
Company 10 - Neophyte - Squad 2 - Slot 6, 10, 2, 5
Company 10 - Neophyte - Squad 2 - Slot 7, 10, 2, 6
Company 10 - Neophyte - Squad 2 - Slot 8, 10, 2, 7
Company 10 - Neophyte - Squad 2 - Slot 9, 10, 2, 8
Company 10 - Neophyte - Squad 2 - Slot 10, 10, 2, 9
Company 10 - UNUSED - Squad 2 - Slot 11, 10, 2, 10
Company 10 - UNUSED - Squad 2 - Slot 12, 10, 2, 11
Company 10 - Sergeant - Squad 3 - Slot 1, 10, 3, 0
Company 10 - Neophyte - Squad 3 - Slot 2, 10, 3, 1
Company 10 - Neophyte - Squad 3 - Slot 3, 10, 3, 2
Company 10 - Neophyte - Squad 3 - Slot 4, 10, 3, 3
Company 10 - Neophyte - Squad 3 - Slot 5, 10, 3, 4
Company 10 - Neophyte - Squad 3 - Slot 6, 10, 3, 5
Company 10 - Neophyte - Squad 3 - Slot 7, 10, 3, 6
Company 10 - Neophyte - Squad 3 - Slot 8, 10, 3, 7
Company 10 - Neophyte - Squad 3 - Slot 9, 10, 3, 8
Company 10 - Neophyte - Squad 3 - Slot 10, 10, 3, 9
Company 10 - UNUSED - Squad 3 - Slot 11, 10, 3, 10
Company 10 - UNUSED - Squad 3 - Slot 12, 10, 3, 11
Company 10 - Sergeant - Squad 4 - Slot 1, 10, 4, 0
Company 10 - Neophyte - Squad 4 - Slot 2, 10, 4, 1
Company 10 - Neophyte - Squad 4 - Slot 3, 10, 4, 2
Company 10 - Neophyte - Squad 4 - Slot 4, 10, 4, 3
Company 10 - Neophyte - Squad 4 - Slot 5, 10, 4, 4
Company 10 - Neophyte - Squad 4 - Slot 6, 10, 4, 5
Company 10 - Neophyte - Squad 4 - Slot 7, 10, 4, 6
Company 10 - Neophyte - Squad 4 - Slot 8, 10, 4, 7
Company 10 - Neophyte - Squad 4 - Slot 9, 10, 4, 8
Company 10 - Neophyte - Squad 4 - Slot 10, 10, 4, 9
Company 10 - UNUSED - Squad 4 - Slot 11, 10, 4, 10
Company 10 - UNUSED - Squad 4 - Slot 12, 10, 4, 11
Company 10 - Sergeant - Squad 5 - Slot 1, 10, 5, 0
Company 10 - Neophyte - Squad 5 - Slot 2, 10, 5, 1
Company 10 - Neophyte - Squad 5 - Slot 3, 10, 5, 2
Company 10 - Neophyte - Squad 5 - Slot 4, 10, 5, 3
Company 10 - Neophyte - Squad 5 - Slot 5, 10, 5, 4
Company 10 - Neophyte - Squad 5 - Slot 6, 10, 5, 5
Company 10 - Neophyte - Squad 5 - Slot 7, 10, 5, 6
Company 10 - Neophyte - Squad 5 - Slot 8, 10, 5, 7
Company 10 - Neophyte - Squad 5 - Slot 9, 10, 5, 8
Company 10 - Neophyte - Squad 5 - Slot 10, 10, 5, 9
Company 10 - UNUSED - Squad 5 - Slot 11, 10, 5, 10
Company 10 - UNUSED - Squad 5 - Slot 12, 10, 5, 11
Company 10 - Sergeant - Squad 6 - Slot 1, 10, 6, 0
Company 10 - Neophyte - Squad 6 - Slot 2, 10, 6, 1
Company 10 - Neophyte - Squad 6 - Slot 3, 10, 6, 2
Company 10 - Neophyte - Squad 6 - Slot 4, 10, 6, 3
Company 10 - Neophyte - Squad 6 - Slot 5, 10, 6, 4
Company 10 - Neophyte - Squad 6 - Slot 6, 10, 6, 5
Company 10 - Neophyte - Squad 6 - Slot 7, 10, 6, 6
Company 10 - Neophyte - Squad 6 - Slot 8, 10, 6, 7
Company 10 - Neophyte - Squad 6 - Slot 9, 10, 6, 8
Company 10 - Neophyte - Squad 6 - Slot 10, 10, 6, 9
Company 10 - UNUSED - Squad 6 - Slot 11, 10, 6, 10
Company 10 - UNUSED - Squad 6 - Slot 12, 10, 6, 11
Company 10 - Sergeant - Squad 7 - Slot 1, 10, 7, 0
Company 10 - Neophyte - Squad 7 - Slot 2, 10, 7, 1
Company 10 - Neophyte - Squad 7 - Slot 3, 10, 7, 2
Company 10 - Neophyte - Squad 7 - Slot 4, 10, 7, 3
Company 10 - Neophyte - Squad 7 - Slot 5, 10, 7, 4
Company 10 - Neophyte - Squad 7 - Slot 6, 10, 7, 5
Company 10 - Neophyte - Squad 7 - Slot 7, 10, 7, 6
Company 10 - Neophyte - Squad 7 - Slot 8, 10, 7, 7
Company 10 - Neophyte - Squad 7 - Slot 9, 10, 7, 8
Company 10 - Neophyte - Squad 7 - Slot 10, 10, 7, 9
Company 10 - UNUSED - Squad 7 - Slot 11, 10, 7, 10
Company 10 - UNUSED - Squad 7 - Slot 12, 10, 7, 11
Company 10 - Sergeant - Squad 8 - Slot 1, 10, 8, 0
Company 10 - Neophyte - Squad 8 - Slot 2, 10, 8, 1
Company 10 - Neophyte - Squad 8 - Slot 3, 10, 8, 2
Company 10 - Neophyte - Squad 8 - Slot 4, 10, 8, 3
Company 10 - Neophyte - Squad 8 - Slot 5, 10, 8, 4
Company 10 - Neophyte - Squad 8 - Slot 6, 10, 8, 5
Company 10 - Neophyte - Squad 8 - Slot 7, 10, 8, 6
Company 10 - Neophyte - Squad 8 - Slot 8, 10, 8, 7
Company 10 - Neophyte - Squad 8 - Slot 9, 10, 8, 8
Company 10 - Neophyte - Squad 8 - Slot 10, 10, 8, 9
Company 10 - UNUSED - Squad 8 - Slot 11, 10, 8, 10
Company 10 - UNUSED - Squad 8 - Slot 12, 10, 8, 11
Company 10 - Sergeant - Squad 9 - Slot 1, 10, 9, 0
Company 10 - Neophyte - Squad 9 - Slot 2, 10, 9, 1
Company 10 - Neophyte - Squad 9 - Slot 3, 10, 9, 2
Company 10 - Neophyte - Squad 9 - Slot 4, 10, 9, 3
Company 10 - Neophyte - Squad 9 - Slot 5, 10, 9, 4
Company 10 - Neophyte - Squad 9 - Slot 6, 10, 9, 5
Company 10 - Neophyte - Squad 9 - Slot 7, 10, 9, 6
Company 10 - Neophyte - Squad 9 - Slot 8, 10, 9, 7
Company 10 - Neophyte - Squad 9 - Slot 9, 10, 9, 8
Company 10 - Neophyte - Squad 9 - Slot 10, 10, 9, 9
Company 10 - UNUSED - Squad 9 - Slot 11, 10, 9, 10
Company 10 - UNUSED - Squad 9 - Slot 12, 10, 9, 11
Company 10 - Sergeant - Squad 10 - Slot 1, 10, 10, 0
Company 10 - Neophyte - Squad 10 - Slot 2, 10, 10, 1
Company 10 - Neophyte - Squad 10 - Slot 3, 10, 10, 2
Company 10 - Neophyte - Squad 10 - Slot 4, 10, 10, 3
Company 10 - Neophyte - Squad 10 - Slot 5, 10, 10, 4
Company 10 - Neophyte - Squad 10 - Slot 6, 10, 10, 5
Company 10 - Neophyte - Squad 10 - Slot 7, 10, 10, 6
Company 10 - Neophyte - Squad 10 - Slot 8, 10, 10, 7
Company 10 - Neophyte - Squad 10 - Slot 9, 10, 10, 8
Company 10 - Neophyte - Squad 10 - Slot 10, 10, 10, 9
Company 10 - UNUSED - Squad 10 - Slot 11, 10, 10, 10
Company 10 - UNUSED - Squad 10 - Slot 12, 10, 10, 11